FB,2015-01-02 00:00:00+00:00,78.45
FB,2015-01-05 00:00:00+00:00,77.19
FB,2015-01-06 00:00:00+00:00,76.15
FB,2015-01-07 00:00:00+00:00,76.15
FB,2015-01-08 00:00:00+00:00,78.175
FB,2015-01-09 00:00:00+00:00,77.74
FB,2015-01-12 00:00:00+00:00,76.72
FB,2015-01-13 00:00:00+00:00,76.45
FB,2015-01-14 00:00:00+00:00,76.28
FB,2015-01-15 00:00:00+00:00,74.05
FB,2015-01-16 00:00:00+00:00,75.18
FB,2015-01-20 00:00:00+00:00,76.24
FB,2015-01-21 00:00:00+00:00,76.74
FB,2015-01-22 00:00:00+00:00,77.65
FB,2015-01-23 00:00:00+00:00,77.83
FB,2015-01-26 00:00:00+00:00,77.495
FB,2015-01-27 00:00:00+00:00,75.78
FB,2015-01-28 00:00:00+00:00,76.24
FB,2015-01-29 00:00:00+00:00,78.0
FB,2015-01-30 00:00:00+00:00,75.91
FB,2015-02-02 00:00:00+00:00,74.99
FB,2015-02-03 00:00:00+00:00,75.4
FB,2015-02-04 00:00:00+00:00,75.63
FB,2015-02-05 00:00:00+00:00,75.615
FB,2015-02-06 00:00:00+00:00,74.47
FB,2015-02-09 00:00:00+00:00,74.44
FB,2015-02-10 00:00:00+00:00,75.19
FB,2015-02-11 00:00:00+00:00,76.51
FB,2015-02-12 00:00:00+00:00,76.23
FB,2015-02-13 00:00:00+00:00,75.74
FB,2015-02-17 00:00:00+00:00,75.6
FB,2015-02-18 00:00:00+00:00,76.71
FB,2015-02-19 00:00:00+00:00,79.42
FB,2015-02-20 00:00:00+00:00,79.895
FB,2015-02-23 00:00:00+00:00,78.84
FB,2015-02-24 00:00:00+00:00,78.45
FB,2015-02-25 00:00:00+00:00,79.56
FB,2015-02-26 00:00:00+00:00,80.41
FB,2015-02-27 00:00:00+00:00,78.97
FB,2015-03-02 00:00:00+00:00,79.75
FB,2015-03-03 00:00:00+00:00,79.6
FB,2015-03-04 00:00:00+00:00,80.895
FB,2015-03-05 00:00:00+00:00,81.21
FB,2015-03-06 00:00:00+00:00,80.005
FB,2015-03-09 00:00:00+00:00,79.44
FB,2015-03-10 00:00:00+00:00,77.55
FB,2015-03-11 00:00:00+00:00,77.57
FB,2015-03-12 00:00:00+00:00,78.93
FB,2015-03-13 00:00:00+00:00,78.05
FB,2015-03-16 00:00:00+00:00,78.07
FB,2015-03-17 00:00:00+00:00,79.365
FB,2015-03-18 00:00:00+00:00,80.91
FB,2015-03-19 00:00:00+00:00,82.75
FB,2015-03-20 00:00:00+00:00,83.8
FB,2015-03-23 00:00:00+00:00,84.43
FB,2015-03-24 00:00:00+00:00,85.31
FB,2015-03-25 00:00:00+00:00,82.92
FB,2015-03-26 00:00:00+00:00,83.01
FB,2015-03-27 00:00:00+00:00,83.3
FB,2015-03-30 00:00:00+00:00,83.195
FB,2015-03-31 00:00:00+00:00,82.215
FB,2015-04-01 00:00:00+00:00,81.665
FB,2015-04-02 00:00:00+00:00,81.555
FB,2015-04-06 00:00:00+00:00,82.44
FB,2015-04-07 00:00:00+00:00,82.32
FB,2015-04-08 00:00:00+00:00,82.275
FB,2015-04-09 00:00:00+00:00,82.17
FB,2015-04-10 00:00:00+00:00,82.04
FB,2015-04-13 00:00:00+00:00,83.01
FB,2015-04-14 00:00:00+00:00,83.515
FB,2015-04-15 00:00:00+00:00,82.705
FB,2015-04-16 00:00:00+00:00,82.31
FB,2015-04-17 00:00:00+00:00,80.775
FB,2015-04-20 00:00:00+00:00,83.09
FB,2015-04-21 00:00:00+00:00,83.62
FB,2015-04-22 00:00:00+00:00,84.63
FB,2015-04-23 00:00:00+00:00,82.41
FB,2015-04-24 00:00:00+00:00,81.53
FB,2015-04-27 00:00:00+00:00,81.91
FB,2015-04-28 00:00:00+00:00,80.68
FB,2015-04-29 00:00:00+00:00,80.465
FB,2015-04-30 00:00:00+00:00,78.77
FB,2015-05-01 00:00:00+00:00,78.99
FB,2015-05-04 00:00:00+00:00,78.81
FB,2015-05-05 00:00:00+00:00,77.56
FB,2015-05-06 00:00:00+00:00,78.1
FB,2015-05-07 00:00:00+00:00,78.425
FB,2015-05-08 00:00:00+00:00,78.51
FB,2015-05-11 00:00:00+00:00,78.01
FB,2015-05-12 00:00:00+00:00,77.46
FB,2015-05-13 00:00:00+00:00,78.44
FB,2015-05-14 00:00:00+00:00,81.37
FB,2015-05-15 00:00:00+00:00,80.42
FB,2015-05-18 00:00:00+00:00,80.88
FB,2015-05-19 00:00:00+00:00,80.63
FB,2015-05-20 00:00:00+00:00,80.55
FB,2015-05-21 00:00:00+00:00,80.48
FB,2015-05-22 00:00:00+00:00,80.54
FB,2015-05-26 00:00:00+00:00,79.335
FB,2015-05-27 00:00:00+00:00,80.55
FB,2015-05-28 00:00:00+00:00,80.145
FB,2015-05-29 00:00:00+00:00,79.19
FB,2015-06-01 00:00:00+00:00,80.29
FB,2015-06-02 00:00:00+00:00,80.445
FB,2015-06-03 00:00:00+00:00,82.44
FB,2015-06-04 00:00:00+00:00,82.05
FB,2015-06-05 00:00:00+00:00,82.14
FB,2015-06-08 00:00:00+00:00,80.67
FB,2015-06-09 00:00:00+00:00,80.67
FB,2015-06-10 00:00:00+00:00,82.16
FB,2015-06-11 00:00:00+00:00,81.83
FB,2015-06-12 00:00:00+00:00,81.53
FB,2015-06-15 00:00:00+00:00,80.71
FB,2015-06-16 00:00:00+00:00,81.06
FB,2015-06-17 00:00:00+00:00,81.79
FB,2015-06-18 00:00:00+00:00,82.905
FB,2015-06-19 00:00:00+00:00,82.51
FB,2015-06-22 00:00:00+00:00,84.74
FB,2015-06-23 00:00:00+00:00,87.88
FB,2015-06-24 00:00:00+00:00,88.86
FB,2015-06-25 00:00:00+00:00,87.98
FB,2015-06-26 00:00:00+00:00,88.01
FB,2015-06-29 00:00:00+00:00,85.8
FB,2015-06-30 00:00:00+00:00,85.765
FB,2015-07-01 00:00:00+00:00,86.91
FB,2015-07-02 00:00:00+00:00,87.285
FB,2015-07-06 00:00:00+00:00,87.55
FB,2015-07-07 00:00:00+00:00,87.22
FB,2015-07-08 00:00:00+00:00,85.65
FB,2015-07-09 00:00:00+00:00,85.88
FB,2015-07-10 00:00:00+00:00,87.95
FB,2015-07-13 00:00:00+00:00,90.1
FB,2015-07-14 00:00:00+00:00,89.68
FB,2015-07-15 00:00:00+00:00,89.76
FB,2015-07-16 00:00:00+00:00,90.85
FB,2015-07-17 00:00:00+00:00,94.97
FB,2015-07-20 00:00:00+00:00,97.91
FB,2015-07-21 00:00:00+00:00,98.39
FB,2015-07-22 00:00:00+00:00,97.04
FB,2015-07-23 00:00:00+00:00,95.44
FB,2015-07-24 00:00:00+00:00,96.95
FB,2015-07-27 00:00:00+00:00,94.17
FB,2015-07-28 00:00:00+00:00,95.29
FB,2015-07-29 00:00:00+00:00,96.99
FB,2015-07-30 00:00:00+00:00,95.21
FB,2015-07-31 00:00:00+00:00,94.01
FB,2015-08-03 00:00:00+00:00,94.14
FB,2015-08-04 00:00:00+00:00,94.06
FB,2015-08-05 00:00:00+00:00,96.44
FB,2015-08-06 00:00:00+00:00,95.12
FB,2015-08-07 00:00:00+00:00,94.3
FB,2015-08-10 00:00:00+00:00,94.15
FB,2015-08-11 00:00:00+00:00,93.62
FB,2015-08-12 00:00:00+00:00,94.19
FB,2015-08-13 00:00:00+00:00,93.43
FB,2015-08-14 00:00:00+00:00,94.42
FB,2015-08-17 00:00:00+00:00,93.93
FB,2015-08-18 00:00:00+00:00,95.17
FB,2015-08-19 00:00:00+00:00,95.31
FB,2015-08-20 00:00:00+00:00,90.56
FB,2015-08-21 00:00:00+00:00,86.06
FB,2015-08-24 00:00:00+00:00,82.09
FB,2015-08-25 00:00:00+00:00,83.0
FB,2015-08-26 00:00:00+00:00,87.19
FB,2015-08-27 00:00:00+00:00,89.73
FB,2015-08-28 00:00:00+00:00,91.01
FB,2015-08-31 00:00:00+00:00,89.43
FB,2015-09-01 00:00:00+00:00,87.23
FB,2015-09-02 00:00:00+00:00,89.89
FB,2015-09-03 00:00:00+00:00,88.15
FB,2015-09-04 00:00:00+00:00,88.26
FB,2015-09-08 00:00:00+00:00,89.53
FB,2015-09-09 00:00:00+00:00,90.44
FB,2015-09-10 00:00:00+00:00,91.98
FB,2015-09-11 00:00:00+00:00,92.05
FB,2015-09-14 00:00:00+00:00,92.31
FB,2015-09-15 00:00:00+00:00,92.9
FB,2015-09-16 00:00:00+00:00,93.45
FB,2015-09-17 00:00:00+00:00,94.34
FB,2015-09-18 00:00:00+00:00,94.4
FB,2015-09-21 00:00:00+00:00,95.55
FB,2015-09-22 00:00:00+00:00,92.96
FB,2015-09-23 00:00:00+00:00,93.97
FB,2015-09-24 00:00:00+00:00,94.41
FB,2015-09-25 00:00:00+00:00,92.77
FB,2015-09-28 00:00:00+00:00,89.21
FB,2015-09-29 00:00:00+00:00,86.67
FB,2015-09-30 00:00:00+00:00,89.9
FB,2015-10-01 00:00:00+00:00,90.95
FB,2015-10-02 00:00:00+00:00,92.07
FB,2015-10-05 00:00:00+00:00,94.01
FB,2015-10-06 00:00:00+00:00,92.8
FB,2015-10-07 00:00:00+00:00,92.4
FB,2015-10-08 00:00:00+00:00,92.47
FB,2015-10-09 00:00:00+00:00,93.24
FB,2015-10-12 00:00:00+00:00,94.26
FB,2015-10-13 00:00:00+00:00,94.12
FB,2015-10-14 00:00:00+00:00,94.07
FB,2015-10-15 00:00:00+00:00,95.96
FB,2015-10-16 00:00:00+00:00,97.54
FB,2015-10-19 00:00:00+00:00,98.47
FB,2015-10-20 00:00:00+00:00,97.0
FB,2015-10-21 00:00:00+00:00,97.11
FB,2015-10-22 00:00:00+00:00,99.67
FB,2015-10-23 00:00:00+00:00,102.19
FB,2015-10-26 00:00:00+00:00,103.77
FB,2015-10-27 00:00:00+00:00,103.7
FB,2015-10-28 00:00:00+00:00,104.2
FB,2015-10-29 00:00:00+00:00,104.88
FB,2015-10-30 00:00:00+00:00,101.97
FB,2015-11-02 00:00:00+00:00,103.31
FB,2015-11-03 00:00:00+00:00,102.58
FB,2015-11-04 00:00:00+00:00,103.94
FB,2015-11-05 00:00:00+00:00,108.76
FB,2015-11-06 00:00:00+00:00,107.095
FB,2015-11-09 00:00:00+00:00,106.49
FB,2015-11-10 00:00:00+00:00,107.91
FB,2015-11-11 00:00:00+00:00,109.01
FB,2015-11-12 00:00:00+00:00,108.02
FB,2015-11-13 00:00:00+00:00,103.95
FB,2015-11-16 00:00:00+00:00,104.04
FB,2015-11-17 00:00:00+00:00,105.13
FB,2015-11-18 00:00:00+00:00,107.77
FB,2015-11-19 00:00:00+00:00,106.26
FB,2015-11-20 00:00:00+00:00,107.32
FB,2015-11-23 00:00:00+00:00,106.95
FB,2015-11-24 00:00:00+00:00,105.74
FB,2015-11-25 00:00:00+00:00,105.41
FB,2015-11-27 00:00:00+00:00,105.45
FB,2015-11-30 00:00:00+00:00,104.24
FB,2015-12-01 00:00:00+00:00,107.12
FB,2015-12-02 00:00:00+00:00,106.07
FB,2015-12-03 00:00:00+00:00,104.38
FB,2015-12-04 00:00:00+00:00,106.18
FB,2015-12-07 00:00:00+00:00,105.61
FB,2015-12-08 00:00:00+00:00,106.49
FB,2015-12-09 00:00:00+00:00,104.6
FB,2015-12-10 00:00:00+00:00,105.42
FB,2015-12-11 00:00:00+00:00,102.12
FB,2015-12-14 00:00:00+00:00,104.66
FB,2015-12-15 00:00:00+00:00,104.55
FB,2015-12-16 00:00:00+00:00,106.79
FB,2015-12-17 00:00:00+00:00,106.22
FB,2015-12-18 00:00:00+00:00,104.04
FB,2015-12-21 00:00:00+00:00,104.77
FB,2015-12-22 00:00:00+00:00,105.51
FB,2015-12-23 00:00:00+00:00,104.63
FB,2015-12-24 00:00:00+00:00,105.02
FB,2015-12-28 00:00:00+00:00,105.93
FB,2015-12-29 00:00:00+00:00,107.26
FB,2015-12-30 00:00:00+00:00,106.22
FB,2015-12-31 00:00:00+00:00,104.66
FB,2016-01-04 00:00:00+00:00,102.22
FB,2016-01-05 00:00:00+00:00,102.73
FB,2016-01-06 00:00:00+00:00,102.97
FB,2016-01-07 00:00:00+00:00,97.92
FB,2016-01-08 00:00:00+00:00,97.33
FB,2016-01-11 00:00:00+00:00,97.51
FB,2016-01-12 00:00:00+00:00,99.37
FB,2016-01-13 00:00:00+00:00,95.44
FB,2016-01-14 00:00:00+00:00,98.37
FB,2016-01-15 00:00:00+00:00,94.97
FB,2016-01-19 00:00:00+00:00,95.26
FB,2016-01-20 00:00:00+00:00,94.35
FB,2016-01-21 00:00:00+00:00,94.16
FB,2016-01-22 00:00:00+00:00,97.94
FB,2016-01-25 00:00:00+00:00,97.01
FB,2016-01-26 00:00:00+00:00,97.34
FB,2016-01-27 00:00:00+00:00,94.45
FB,2016-01-28 00:00:00+00:00,109.11
FB,2016-01-29 00:00:00+00:00,112.21
FB,2016-02-01 00:00:00+00:00,115.09
FB,2016-02-02 00:00:00+00:00,114.61
FB,2016-02-03 00:00:00+00:00,112.69
FB,2016-02-04 00:00:00+00:00,110.49
FB,2016-02-05 00:00:00+00:00,104.07
FB,2016-02-08 00:00:00+00:00,99.75
FB,2016-02-09 00:00:00+00:00,99.54
FB,2016-02-10 00:00:00+00:00,101.0
FB,2016-02-11 00:00:00+00:00,101.91
FB,2016-02-12 00:00:00+00:00,102.01
FB,2016-02-16 00:00:00+00:00,101.61
FB,2016-02-17 00:00:00+00:00,105.2
FB,2016-02-18 00:00:00+00:00,103.47
FB,2016-02-19 00:00:00+00:00,104.57
FB,2016-02-22 00:00:00+00:00,107.16
FB,2016-02-23 00:00:00+00:00,105.46
FB,2016-02-24 00:00:00+00:00,106.88
FB,2016-02-25 00:00:00+00:00,108.07
FB,2016-02-26 00:00:00+00:00,107.92
FB,2016-02-29 00:00:00+00:00,106.92
FB,2016-03-01 00:00:00+00:00,109.82
FB,2016-03-02 00:00:00+00:00,109.95
FB,2016-03-03 00:00:00+00:00,109.58
FB,2016-03-04 00:00:00+00:00,108.39
FB,2016-03-07 00:00:00+00:00,105.73
FB,2016-03-08 00:00:00+00:00,105.93
FB,2016-03-09 00:00:00+00:00,107.51
FB,2016-03-10 00:00:00+00:00,107.32
FB,2016-03-11 00:00:00+00:00,109.41
FB,2016-03-14 00:00:00+00:00,109.89
FB,2016-03-15 00:00:00+00:00,110.67
FB,2016-03-16 00:00:00+00:00,112.18
FB,2016-03-17 00:00:00+00:00,111.02
FB,2016-03-18 00:00:00+00:00,111.45
FB,2016-03-21 00:00:00+00:00,111.85
FB,2016-03-22 00:00:00+00:00,112.25
FB,2016-03-23 00:00:00+00:00,112.54
FB,2016-03-24 00:00:00+00:00,113.05
FB,2016-03-28 00:00:00+00:00,113.69
FB,2016-03-29 00:00:00+00:00,116.14
FB,2016-03-30 00:00:00+00:00,114.7
FB,2016-03-31 00:00:00+00:00,114.1
FB,2016-04-01 00:00:00+00:00,116.06
FB,2016-04-04 00:00:00+00:00,112.55
FB,2016-04-05 00:00:00+00:00,112.22
FB,2016-04-06 00:00:00+00:00,113.71
FB,2016-04-07 00:00:00+00:00,113.64
FB,2016-04-08 00:00:00+00:00,110.63
FB,2016-04-11 00:00:00+00:00,108.99
FB,2016-04-12 00:00:00+00:00,110.61
FB,2016-04-13 00:00:00+00:00,110.51
FB,2016-04-14 00:00:00+00:00,110.84
FB,2016-04-15 00:00:00+00:00,109.64
FB,2016-04-18 00:00:00+00:00,110.45
FB,2016-04-19 00:00:00+00:00,112.29
FB,2016-04-20 00:00:00+00:00,112.42
FB,2016-04-21 00:00:00+00:00,113.44
FB,2016-04-22 00:00:00+00:00,110.56
FB,2016-04-25 00:00:00+00:00,110.1
FB,2016-04-26 00:00:00+00:00,108.76
FB,2016-04-27 00:00:00+00:00,108.89
FB,2016-04-28 00:00:00+00:00,116.73
FB,2016-04-29 00:00:00+00:00,117.58
FB,2016-05-02 00:00:00+00:00,118.57
FB,2016-05-03 00:00:00+00:00,117.43
FB,2016-05-04 00:00:00+00:00,118.06
FB,2016-05-05 00:00:00+00:00,117.81
FB,2016-05-06 00:00:00+00:00,119.49
FB,2016-05-09 00:00:00+00:00,119.24
FB,2016-05-10 00:00:00+00:00,120.5
FB,2016-05-11 00:00:00+00:00,119.52
FB,2016-05-12 00:00:00+00:00,120.28
FB,2016-05-13 00:00:00+00:00,119.81
FB,2016-05-16 00:00:00+00:00,118.67
FB,2016-05-17 00:00:00+00:00,117.35
FB,2016-05-18 00:00:00+00:00,117.65
FB,2016-05-19 00:00:00+00:00,116.81
FB,2016-05-20 00:00:00+00:00,117.35
FB,2016-05-23 00:00:00+00:00,115.97
FB,2016-05-24 00:00:00+00:00,117.7
FB,2016-05-25 00:00:00+00:00,117.89
FB,2016-05-26 00:00:00+00:00,119.47
FB,2016-05-27 00:00:00+00:00,119.38
FB,2016-05-31 00:00:00+00:00,118.81
FB,2016-06-01 00:00:00+00:00,118.78
FB,2016-06-02 00:00:00+00:00,118.93
FB,2016-06-03 00:00:00+00:00,118.47
FB,2016-06-06 00:00:00+00:00,118.79
FB,2016-06-07 00:00:00+00:00,117.76
FB,2016-06-08 00:00:00+00:00,118.39
FB,2016-06-09 00:00:00+00:00,118.56
FB,2016-06-10 00:00:00+00:00,116.62
FB,2016-06-13 00:00:00+00:00,113.95
FB,2016-06-14 00:00:00+00:00,114.94
FB,2016-06-15 00:00:00+00:00,114.6
FB,2016-06-16 00:00:00+00:00,114.39
FB,2016-06-17 00:00:00+00:00,113.02
FB,2016-06-20 00:00:00+00:00,113.37
FB,2016-06-21 00:00:00+00:00,114.38
FB,2016-06-22 00:00:00+00:00,113.91
FB,2016-06-23 00:00:00+00:00,115.08
FB,2016-06-24 00:00:00+00:00,112.08
FB,2016-06-27 00:00:00+00:00,108.97
FB,2016-06-28 00:00:00+00:00,112.7
FB,2016-06-29 00:00:00+00:00,114.16
FB,2016-06-30 00:00:00+00:00,114.28
FB,2016-07-01 00:00:00+00:00,114.19
FB,2016-07-05 00:00:00+00:00,114.0
FB,2016-07-06 00:00:00+00:00,116.7
FB,2016-07-07 00:00:00+00:00,115.85
FB,2016-07-08 00:00:00+00:00,117.24
FB,2016-07-11 00:00:00+00:00,117.87
FB,2016-07-12 00:00:00+00:00,117.93
FB,2016-07-13 00:00:00+00:00,116.78
FB,2016-07-14 00:00:00+00:00,117.29
FB,2016-07-15 00:00:00+00:00,116.86
FB,2016-07-18 00:00:00+00:00,119.37
FB,2016-07-19 00:00:00+00:00,120.61
FB,2016-07-20 00:00:00+00:00,121.92
FB,2016-07-21 00:00:00+00:00,120.61
FB,2016-07-22 00:00:00+00:00,121.0
FB,2016-07-25 00:00:00+00:00,121.63
FB,2016-07-26 00:00:00+00:00,121.22
FB,2016-07-27 00:00:00+00:00,123.34
FB,2016-07-28 00:00:00+00:00,125.0
FB,2016-07-29 00:00:00+00:00,123.94
FB,2016-08-01 00:00:00+00:00,124.31
FB,2016-08-02 00:00:00+00:00,123.09
FB,2016-08-03 00:00:00+00:00,122.51
FB,2016-08-04 00:00:00+00:00,124.36
FB,2016-08-05 00:00:00+00:00,125.15
FB,2016-08-08 00:00:00+00:00,125.26
FB,2016-08-09 00:00:00+00:00,125.06
FB,2016-08-10 00:00:00+00:00,124.88
FB,2016-08-11 00:00:00+00:00,124.9
FB,2016-08-12 00:00:00+00:00,124.88
FB,2016-08-15 00:00:00+00:00,123.9
FB,2016-08-16 00:00:00+00:00,123.3
FB,2016-08-17 00:00:00+00:00,124.37
FB,2016-08-18 00:00:00+00:00,123.91
FB,2016-08-19 00:00:00+00:00,123.56
FB,2016-08-22 00:00:00+00:00,124.15
FB,2016-08-23 00:00:00+00:00,124.37
FB,2016-08-24 00:00:00+00:00,123.48
FB,2016-08-25 00:00:00+00:00,123.89
FB,2016-08-26 00:00:00+00:00,124.96
FB,2016-08-29 00:00:00+00:00,126.54
FB,2016-08-30 00:00:00+00:00,125.84
FB,2016-08-31 00:00:00+00:00,126.12
FB,2016-09-01 00:00:00+00:00,126.17
FB,2016-09-02 00:00:00+00:00,126.51
FB,2016-09-06 00:00:00+00:00,129.73
FB,2016-09-07 00:00:00+00:00,131.05
FB,2016-09-08 00:00:00+00:00,130.27
FB,2016-09-09 00:00:00+00:00,127.1
FB,2016-09-12 00:00:00+00:00,128.69
FB,2016-09-13 00:00:00+00:00,127.21
FB,2016-09-14 00:00:00+00:00,127.77
FB,2016-09-15 00:00:00+00:00,128.35
FB,2016-09-16 00:00:00+00:00,129.07
FB,2016-09-19 00:00:00+00:00,128.65
FB,2016-09-20 00:00:00+00:00,128.64
FB,2016-09-21 00:00:00+00:00,129.94
FB,2016-09-22 00:00:00+00:00,130.08
FB,2016-09-23 00:00:00+00:00,127.96
FB,2016-09-26 00:00:00+00:00,127.31
FB,2016-09-27 00:00:00+00:00,128.69
FB,2016-09-28 00:00:00+00:00,129.23
FB,2016-09-29 00:00:00+00:00,128.09
FB,2016-09-30 00:00:00+00:00,128.27
FB,2016-10-03 00:00:00+00:00,128.77
FB,2016-10-04 00:00:00+00:00,128.19
FB,2016-10-05 00:00:00+00:00,128.47
FB,2016-10-06 00:00:00+00:00,128.74
FB,2016-10-07 00:00:00+00:00,128.99
FB,2016-10-10 00:00:00+00:00,130.24
FB,2016-10-11 00:00:00+00:00,128.88
FB,2016-10-12 00:00:00+00:00,129.05
FB,2016-10-13 00:00:00+00:00,127.82
FB,2016-10-14 00:00:00+00:00,127.88
FB,2016-10-17 00:00:00+00:00,127.54
FB,2016-10-18 00:00:00+00:00,128.57
FB,2016-10-19 00:00:00+00:00,130.11
FB,2016-10-20 00:00:00+00:00,130.0
FB,2016-10-21 00:00:00+00:00,132.07
FB,2016-10-24 00:00:00+00:00,133.28
FB,2016-10-25 00:00:00+00:00,132.29
FB,2016-10-26 00:00:00+00:00,131.04
FB,2016-10-27 00:00:00+00:00,129.69
FB,2016-10-28 00:00:00+00:00,131.29
FB,2016-10-31 00:00:00+00:00,130.99
FB,2016-11-01 00:00:00+00:00,129.5
FB,2016-11-02 00:00:00+00:00,127.17
FB,2016-11-03 00:00:00+00:00,120.0
FB,2016-11-04 00:00:00+00:00,120.75
FB,2016-11-07 00:00:00+00:00,122.15
FB,2016-11-08 00:00:00+00:00,124.22
FB,2016-11-09 00:00:00+00:00,123.18
FB,2016-11-10 00:00:00+00:00,120.8
FB,2016-11-11 00:00:00+00:00,119.02
FB,2016-11-14 00:00:00+00:00,115.08
FB,2016-11-15 00:00:00+00:00,117.2
FB,2016-11-16 00:00:00+00:00,116.34
FB,2016-11-17 00:00:00+00:00,117.79
FB,2016-11-18 00:00:00+00:00,117.02
FB,2016-11-21 00:00:00+00:00,121.77
FB,2016-11-22 00:00:00+00:00,121.47
FB,2016-11-23 00:00:00+00:00,120.84
FB,2016-11-25 00:00:00+00:00,120.38
FB,2016-11-28 00:00:00+00:00,120.41
FB,2016-11-29 00:00:00+00:00,120.87
FB,2016-11-30 00:00:00+00:00,118.42
FB,2016-12-01 00:00:00+00:00,115.1
FB,2016-12-02 00:00:00+00:00,115.4
FB,2016-12-05 00:00:00+00:00,117.43
FB,2016-12-06 00:00:00+00:00,117.31
FB,2016-12-07 00:00:00+00:00,117.95
FB,2016-12-08 00:00:00+00:00,118.91
FB,2016-12-09 00:00:00+00:00,119.68
FB,2016-12-12 00:00:00+00:00,117.77
FB,2016-12-13 00:00:00+00:00,120.31
FB,2016-12-14 00:00:00+00:00,120.21
FB,2016-12-15 00:00:00+00:00,120.57
FB,2016-12-16 00:00:00+00:00,119.87
FB,2016-12-19 00:00:00+00:00,119.24
FB,2016-12-20 00:00:00+00:00,119.09
FB,2016-12-21 00:00:00+00:00,119.04
FB,2016-12-22 00:00:00+00:00,117.4
FB,2016-12-23 00:00:00+00:00,117.27
FB,2016-12-27 00:00:00+00:00,118.01
FB,2016-12-28 00:00:00+00:00,116.92
FB,2016-12-29 00:00:00+00:00,116.35
FB,2016-12-30 00:00:00+00:00,115.05
FB,2017-01-03 00:00:00+00:00,116.86
FB,2017-01-04 00:00:00+00:00,118.69
FB,2017-01-05 00:00:00+00:00,120.67
FB,2017-01-06 00:00:00+00:00,123.41
FB,2017-01-09 00:00:00+00:00,124.9
FB,2017-01-10 00:00:00+00:00,124.35
FB,2017-01-11 00:00:00+00:00,126.09
FB,2017-01-12 00:00:00+00:00,126.62
FB,2017-01-13 00:00:00+00:00,128.34
FB,2017-01-17 00:00:00+00:00,127.87
FB,2017-01-18 00:00:00+00:00,127.92
FB,2017-01-19 00:00:00+00:00,127.55
FB,2017-01-20 00:00:00+00:00,127.04
FB,2017-01-23 00:00:00+00:00,128.93
FB,2017-01-24 00:00:00+00:00,129.37
FB,2017-01-25 00:00:00+00:00,131.48
FB,2017-01-26 00:00:00+00:00,132.78
FB,2017-01-27 00:00:00+00:00,132.18
FB,2017-01-30 00:00:00+00:00,130.98
FB,2017-01-31 00:00:00+00:00,130.32
FB,2017-02-01 00:00:00+00:00,133.23
FB,2017-02-02 00:00:00+00:00,130.84
FB,2017-02-03 00:00:00+00:00,130.98
FB,2017-02-06 00:00:00+00:00,132.06
FB,2017-02-07 00:00:00+00:00,131.84
FB,2017-02-08 00:00:00+00:00,134.2
FB,2017-02-09 00:00:00+00:00,134.14
FB,2017-02-10 00:00:00+00:00,134.19
FB,2017-02-13 00:00:00+00:00,134.05
FB,2017-02-14 00:00:00+00:00,133.85
FB,2017-02-15 00:00:00+00:00,133.44
FB,2017-02-16 00:00:00+00:00,133.84
FB,2017-02-17 00:00:00+00:00,133.53
FB,2017-02-21 00:00:00+00:00,133.72
FB,2017-02-22 00:00:00+00:00,136.12
FB,2017-02-23 00:00:00+00:00,135.36
FB,2017-02-24 00:00:00+00:00,135.44
FB,2017-02-27 00:00:00+00:00,136.41
FB,2017-02-28 00:00:00+00:00,135.54
FB,2017-03-01 00:00:00+00:00,137.42
FB,2017-03-02 00:00:00+00:00,136.76
FB,2017-03-03 00:00:00+00:00,137.17
FB,2017-03-06 00:00:00+00:00,137.42
FB,2017-03-07 00:00:00+00:00,137.3
FB,2017-03-08 00:00:00+00:00,137.72
FB,2017-03-09 00:00:00+00:00,138.24
FB,2017-03-10 00:00:00+00:00,138.79
FB,2017-03-13 00:00:00+00:00,139.6
FB,2017-03-14 00:00:00+00:00,139.32
FB,2017-03-15 00:00:00+00:00,139.72
FB,2017-03-16 00:00:00+00:00,139.99
FB,2017-03-17 00:00:00+00:00,139.84
FB,2017-03-20 00:00:00+00:00,139.94
FB,2017-03-21 00:00:00+00:00,138.51
FB,2017-03-22 00:00:00+00:00,139.59
FB,2017-03-23 00:00:00+00:00,139.53
FB,2017-03-24 00:00:00+00:00,140.34
FB,2017-03-27 00:00:00+00:00,140.32
FB,2017-03-28 00:00:00+00:00,141.76
FB,2017-03-29 00:00:00+00:00,142.65
FB,2017-03-30 00:00:00+00:00,142.41
FB,2017-03-31 00:00:00+00:00,142.05
FB,2017-04-03 00:00:00+00:00,142.28
FB,2017-04-04 00:00:00+00:00,141.73
FB,2017-04-05 00:00:00+00:00,141.85
FB,2017-04-06 00:00:00+00:00,141.17
FB,2017-04-07 00:00:00+00:00,140.78
FB,2017-04-10 00:00:00+00:00,141.04
FB,2017-04-11 00:00:00+00:00,139.92
FB,2017-04-12 00:00:00+00:00,139.58
FB,2017-04-13 00:00:00+00:00,139.39
FB,2017-04-17 00:00:00+00:00,141.42
FB,2017-04-18 00:00:00+00:00,140.96
FB,2017-04-19 00:00:00+00:00,142.27
FB,2017-04-20 00:00:00+00:00,143.8
FB,2017-04-21 00:00:00+00:00,143.68
FB,2017-04-24 00:00:00+00:00,145.47
FB,2017-04-25 00:00:00+00:00,146.49
FB,2017-04-26 00:00:00+00:00,146.56
FB,2017-04-27 00:00:00+00:00,147.7
FB,2017-04-28 00:00:00+00:00,150.25
FB,2017-05-01 00:00:00+00:00,152.46
FB,2017-05-02 00:00:00+00:00,152.78
FB,2017-05-03 00:00:00+00:00,151.8
FB,2017-05-04 00:00:00+00:00,150.85
FB,2017-05-05 00:00:00+00:00,150.24
FB,2017-05-08 00:00:00+00:00,151.06
FB,2017-05-09 00:00:00+00:00,150.48
FB,2017-05-10 00:00:00+00:00,150.29
FB,2017-05-11 00:00:00+00:00,150.04
FB,2017-05-12 00:00:00+00:00,150.33
FB,2017-05-15 00:00:00+00:00,150.19
FB,2017-05-16 00:00:00+00:00,149.78
FB,2017-05-17 00:00:00+00:00,144.85
FB,2017-05-18 00:00:00+00:00,147.66
FB,2017-05-19 00:00:00+00:00,148.06
FB,2017-05-22 00:00:00+00:00,148.24
FB,2017-05-23 00:00:00+00:00,148.07
FB,2017-05-24 00:00:00+00:00,150.04
FB,2017-05-25 00:00:00+00:00,151.96
FB,2017-05-26 00:00:00+00:00,152.13
FB,2017-05-30 00:00:00+00:00,152.38
FB,2017-05-31 00:00:00+00:00,151.46
FB,2017-06-01 00:00:00+00:00,151.53
FB,2017-06-02 00:00:00+00:00,153.61
FB,2017-06-05 00:00:00+00:00,153.63
FB,2017-06-06 00:00:00+00:00,152.81
FB,2017-06-07 00:00:00+00:00,153.12
FB,2017-06-08 00:00:00+00:00,154.71
FB,2017-06-09 00:00:00+00:00,149.6
FB,2017-06-12 00:00:00+00:00,148.44
FB,2017-06-13 00:00:00+00:00,150.68
FB,2017-06-14 00:00:00+00:00,150.25
FB,2017-06-15 00:00:00+00:00,149.8
FB,2017-06-16 00:00:00+00:00,150.64
FB,2017-06-19 00:00:00+00:00,152.87
FB,2017-06-20 00:00:00+00:00,152.25
FB,2017-06-21 00:00:00+00:00,153.91
FB,2017-06-22 00:00:00+00:00,153.4
FB,2017-06-23 00:00:00+00:00,155.07
FB,2017-06-26 00:00:00+00:00,153.59
FB,2017-06-27 00:00:00+00:00,150.58
FB,2017-06-28 00:00:00+00:00,153.24
FB,2017-06-29 00:00:00+00:00,151.04
FB,2017-06-30 00:00:00+00:00,150.98
FB,2017-07-03 00:00:00+00:00,148.43
FB,2017-07-05 00:00:00+00:00,150.34
FB,2017-07-06 00:00:00+00:00,148.82
FB,2017-07-07 00:00:00+00:00,151.44
FB,2017-07-10 00:00:00+00:00,153.5
FB,2017-07-11 00:00:00+00:00,155.27
FB,2017-07-12 00:00:00+00:00,158.9
FB,2017-07-13 00:00:00+00:00,159.26
FB,2017-07-14 00:00:00+00:00,159.97
FB,2017-07-17 00:00:00+00:00,159.73
FB,2017-07-18 00:00:00+00:00,162.86
FB,2017-07-19 00:00:00+00:00,164.14
FB,2017-07-20 00:00:00+00:00,164.53
FB,2017-07-21 00:00:00+00:00,164.43
FB,2017-07-24 00:00:00+00:00,166.0
FB,2017-07-25 00:00:00+00:00,165.28
FB,2017-07-26 00:00:00+00:00,165.61
FB,2017-07-27 00:00:00+00:00,170.44
FB,2017-07-28 00:00:00+00:00,172.45
FB,2017-07-31 00:00:00+00:00,169.25
FB,2017-08-01 00:00:00+00:00,169.86
FB,2017-08-02 00:00:00+00:00,169.3
FB,2017-08-03 00:00:00+00:00,168.59
FB,2017-08-04 00:00:00+00:00,169.62
FB,2017-08-07 00:00:00+00:00,171.98
FB,2017-08-08 00:00:00+00:00,171.23
FB,2017-08-09 00:00:00+00:00,171.18
FB,2017-08-10 00:00:00+00:00,167.4
FB,2017-08-11 00:00:00+00:00,168.08
FB,2017-08-14 00:00:00+00:00,170.75
FB,2017-08-15 00:00:00+00:00,171.0
FB,2017-08-16 00:00:00+00:00,170.0
FB,2017-08-17 00:00:00+00:00,166.91
FB,2017-08-18 00:00:00+00:00,167.41
FB,2017-08-21 00:00:00+00:00,167.78
FB,2017-08-22 00:00:00+00:00,169.64
FB,2017-08-23 00:00:00+00:00,168.71
FB,2017-08-24 00:00:00+00:00,167.74
FB,2017-08-25 00:00:00+00:00,166.32
FB,2017-08-28 00:00:00+00:00,167.24
FB,2017-08-29 00:00:00+00:00,168.05
FB,2017-08-30 00:00:00+00:00,169.92
FB,2017-08-31 00:00:00+00:00,171.97
FB,2017-09-01 00:00:00+00:00,172.02
FB,2017-09-05 00:00:00+00:00,170.72
FB,2017-09-06 00:00:00+00:00,172.09
FB,2017-09-07 00:00:00+00:00,173.21
FB,2017-09-08 00:00:00+00:00,170.95
FB,2017-09-11 00:00:00+00:00,173.51
FB,2017-09-12 00:00:00+00:00,172.96
FB,2017-09-13 00:00:00+00:00,173.05
FB,2017-09-14 00:00:00+00:00,170.96
FB,2017-09-15 00:00:00+00:00,171.64
FB,2017-09-18 00:00:00+00:00,170.01
FB,2017-09-19 00:00:00+00:00,172.52
FB,2017-09-20 00:00:00+00:00,172.17
FB,2017-09-21 00:00:00+00:00,171.11
FB,2017-09-22 00:00:00+00:00,170.54
FB,2017-09-25 00:00:00+00:00,162.87
FB,2017-09-26 00:00:00+00:00,164.21
FB,2017-09-27 00:00:00+00:00,167.68
FB,2017-09-28 00:00:00+00:00,168.73
FB,2017-09-29 00:00:00+00:00,170.87
FB,2017-10-02 00:00:00+00:00,169.47
FB,2017-10-03 00:00:00+00:00,169.96
FB,2017-10-04 00:00:00+00:00,168.42
FB,2017-10-05 00:00:00+00:00,171.24
FB,2017-10-06 00:00:00+00:00,172.23
FB,2017-10-09 00:00:00+00:00,172.5
FB,2017-10-10 00:00:00+00:00,171.59
FB,2017-10-11 00:00:00+00:00,172.74
FB,2017-10-12 00:00:00+00:00,172.55
FB,2017-10-13 00:00:00+00:00,173.74
FB,2017-10-16 00:00:00+00:00,174.52
FB,2017-10-17 00:00:00+00:00,176.11
FB,2017-10-18 00:00:00+00:00,176.03
FB,2017-10-19 00:00:00+00:00,174.56
FB,2017-10-20 00:00:00+00:00,174.98
FB,2017-10-23 00:00:00+00:00,171.27
FB,2017-10-24 00:00:00+00:00,171.8
FB,2017-10-25 00:00:00+00:00,170.6
FB,2017-10-26 00:00:00+00:00,170.63
FB,2017-10-27 00:00:00+00:00,177.88
FB,2017-10-30 00:00:00+00:00,179.87
FB,2017-10-31 00:00:00+00:00,180.06
FB,2017-11-01 00:00:00+00:00,182.66
FB,2017-11-02 00:00:00+00:00,178.92
FB,2017-11-03 00:00:00+00:00,178.92
FB,2017-11-06 00:00:00+00:00,180.17
FB,2017-11-07 00:00:00+00:00,180.25
FB,2017-11-08 00:00:00+00:00,179.56
FB,2017-11-09 00:00:00+00:00,179.3
FB,2017-11-10 00:00:00+00:00,178.46
FB,2017-11-13 00:00:00+00:00,178.77
FB,2017-11-14 00:00:00+00:00,178.07
FB,2017-11-15 00:00:00+00:00,177.95
FB,2017-11-16 00:00:00+00:00,179.59
FB,2017-11-17 00:00:00+00:00,179.0
FB,2017-11-20 00:00:00+00:00,178.74
FB,2017-11-21 00:00:00+00:00,181.86
FB,2017-11-22 00:00:00+00:00,180.87
FB,2017-11-24 00:00:00+00:00,182.78
FB,2017-11-27 00:00:00+00:00,183.03
FB,2017-11-28 00:00:00+00:00,182.42
FB,2017-11-29 00:00:00+00:00,175.13
FB,2017-11-30 00:00:00+00:00,177.18
FB,2017-12-01 00:00:00+00:00,175.1
FB,2017-12-04 00:00:00+00:00,171.47
FB,2017-12-05 00:00:00+00:00,172.83
FB,2017-12-06 00:00:00+00:00,176.06
FB,2017-12-07 00:00:00+00:00,180.14
FB,2017-12-08 00:00:00+00:00,179.0
FB,2017-12-11 00:00:00+00:00,179.04
FB,2017-12-12 00:00:00+00:00,176.96
FB,2017-12-13 00:00:00+00:00,178.3
FB,2017-12-14 00:00:00+00:00,178.39
FB,2017-12-15 00:00:00+00:00,180.18
FB,2017-12-18 00:00:00+00:00,180.82
FB,2017-12-19 00:00:00+00:00,179.51
FB,2017-12-20 00:00:00+00:00,177.89
FB,2017-12-21 00:00:00+00:00,177.45
FB,2017-12-22 00:00:00+00:00,177.2
FB,2017-12-26 00:00:00+00:00,175.99
FB,2017-12-27 00:00:00+00:00,177.62
FB,2017-12-28 00:00:00+00:00,177.92
FB,2017-12-29 00:00:00+00:00,176.46
FB,2018-01-02 00:00:00+00:00,181.42
FB,2018-01-03 00:00:00+00:00,184.67
FB,2018-01-04 00:00:00+00:00,184.33
FB,2018-01-05 00:00:00+00:00,186.85
FB,2018-01-08 00:00:00+00:00,188.28
FB,2018-01-09 00:00:00+00:00,187.87
FB,2018-01-10 00:00:00+00:00,187.84
FB,2018-01-11 00:00:00+00:00,187.77
FB,2018-01-12 00:00:00+00:00,179.37
FB,2018-01-16 00:00:00+00:00,178.39
FB,2018-01-17 00:00:00+00:00,177.6
FB,2018-01-18 00:00:00+00:00,179.8
FB,2018-01-19 00:00:00+00:00,181.29
FB,2018-01-22 00:00:00+00:00,185.37
FB,2018-01-23 00:00:00+00:00,189.35
FB,2018-01-24 00:00:00+00:00,186.55
FB,2018-01-25 00:00:00+00:00,187.48
FB,2018-01-26 00:00:00+00:00,190.0
FB,2018-01-29 00:00:00+00:00,185.98
FB,2018-01-30 00:00:00+00:00,187.12
FB,2018-01-31 00:00:00+00:00,186.89
FB,2018-02-01 00:00:00+00:00,193.09
FB,2018-02-02 00:00:00+00:00,190.28
FB,2018-02-05 00:00:00+00:00,181.26
FB,2018-02-06 00:00:00+00:00,185.31
FB,2018-02-07 00:00:00+00:00,180.18
FB,2018-02-08 00:00:00+00:00,171.58
FB,2018-02-09 00:00:00+00:00,176.11
FB,2018-02-12 00:00:00+00:00,176.41
FB,2018-02-13 00:00:00+00:00,173.15
FB,2018-02-14 00:00:00+00:00,179.52
FB,2018-02-15 00:00:00+00:00,179.96
FB,2018-02-16 00:00:00+00:00,177.36
FB,2018-02-20 00:00:00+00:00,176.01
FB,2018-02-21 00:00:00+00:00,177.91
FB,2018-02-22 00:00:00+00:00,178.99
FB,2018-02-23 00:00:00+00:00,183.29
FB,2018-02-26 00:00:00+00:00,184.93
FB,2018-02-27 00:00:00+00:00,181.46
FB,2018-02-28 00:00:00+00:00,178.32
FB,2018-03-01 00:00:00+00:00,175.94
FB,2018-03-02 00:00:00+00:00,176.62
FB,2018-03-05 00:00:00+00:00,180.4
FB,2018-03-06 00:00:00+00:00,179.78
FB,2018-03-07 00:00:00+00:00,183.71
FB,2018-03-08 00:00:00+00:00,182.34
FB,2018-03-09 00:00:00+00:00,185.23
FB,2018-03-12 00:00:00+00:00,184.76
FB,2018-03-13 00:00:00+00:00,181.88
FB,2018-03-14 00:00:00+00:00,184.19
FB,2018-03-15 00:00:00+00:00,183.86
FB,2018-03-16 00:00:00+00:00,185.09
FB,2018-03-19 00:00:00+00:00,172.56
FB,2018-03-20 00:00:00+00:00,168.15
FB,2018-03-21 00:00:00+00:00,169.39
FB,2018-03-22 00:00:00+00:00,164.89
FB,2018-03-23 00:00:00+00:00,159.39
FB,2018-03-26 00:00:00+00:00,160.06
FB,2018-03-27 00:00:00+00:00,152.22
FB,2018-03-28 00:00:00+00:00,153.03
FB,2018-03-29 00:00:00+00:00,159.79
FB,2018-04-02 00:00:00+00:00,155.39
FB,2018-04-03 00:00:00+00:00,156.11
FB,2018-04-04 00:00:00+00:00,155.1
FB,2018-04-05 00:00:00+00:00,159.34
FB,2018-04-06 00:00:00+00:00,157.2
FB,2018-04-09 00:00:00+00:00,157.93
FB,2018-04-10 00:00:00+00:00,165.04
FB,2018-04-11 00:00:00+00:00,166.32
FB,2018-04-12 00:00:00+00:00,163.87
FB,2018-04-13 00:00:00+00:00,164.52
FB,2018-04-16 00:00:00+00:00,164.83
FB,2018-04-17 00:00:00+00:00,168.66
FB,2018-04-18 00:00:00+00:00,166.36
FB,2018-04-19 00:00:00+00:00,168.1
FB,2018-04-20 00:00:00+00:00,166.28
FB,2018-04-23 00:00:00+00:00,165.84
FB,2018-04-24 00:00:00+00:00,159.69
FB,2018-04-25 00:00:00+00:00,159.69
FB,2018-04-26 00:00:00+00:00,174.16
FB,2018-04-27 00:00:00+00:00,173.59
FB,2018-04-30 00:00:00+00:00,172.0
FB,2018-05-01 00:00:00+00:00,173.86
FB,2018-05-02 00:00:00+00:00,176.07
FB,2018-05-03 00:00:00+00:00,174.02
FB,2018-05-04 00:00:00+00:00,176.61
FB,2018-05-07 00:00:00+00:00,177.97
FB,2018-05-08 00:00:00+00:00,178.92
FB,2018-05-09 00:00:00+00:00,182.66
FB,2018-05-10 00:00:00+00:00,185.53
FB,2018-05-11 00:00:00+00:00,186.99
FB,2018-05-14 00:00:00+00:00,186.64
FB,2018-05-15 00:00:00+00:00,184.32
FB,2018-05-16 00:00:00+00:00,183.2
FB,2018-05-17 00:00:00+00:00,183.76
FB,2018-05-18 00:00:00+00:00,182.68
FB,2018-05-21 00:00:00+00:00,184.49
FB,2018-05-22 00:00:00+00:00,183.8
FB,2018-05-23 00:00:00+00:00,186.9
FB,2018-05-24 00:00:00+00:00,185.93
FB,2018-05-25 00:00:00+00:00,184.92
FB,2018-05-29 00:00:00+00:00,185.74
FB,2018-05-30 00:00:00+00:00,187.67
FB,2018-05-31 00:00:00+00:00,191.78
FB,2018-06-01 00:00:00+00:00,193.99
FB,2018-06-04 00:00:00+00:00,193.28
FB,2018-06-05 00:00:00+00:00,192.94
FB,2018-06-06 00:00:00+00:00,191.34
FB,2018-06-07 00:00:00+00:00,188.18
FB,2018-06-08 00:00:00+00:00,189.1
FB,2018-06-11 00:00:00+00:00,191.54
FB,2018-06-12 00:00:00+00:00,192.4
FB,2018-06-13 00:00:00+00:00,192.41
FB,2018-06-14 00:00:00+00:00,196.81
FB,2018-06-15 00:00:00+00:00,195.85
FB,2018-06-18 00:00:00+00:00,198.31
FB,2018-06-19 00:00:00+00:00,197.49
FB,2018-06-20 00:00:00+00:00,202.0
FB,2018-06-21 00:00:00+00:00,201.5
FB,2018-06-22 00:00:00+00:00,201.74
FB,2018-06-25 00:00:00+00:00,196.35
FB,2018-06-26 00:00:00+00:00,199.0
FB,2018-06-27 00:00:00+00:00,195.84
FB,2018-06-28 00:00:00+00:00,196.23
FB,2018-06-29 00:00:00+00:00,194.32
FB,2018-07-02 00:00:00+00:00,197.36
FB,2018-07-03 00:00:00+00:00,192.73
FB,2018-07-05 00:00:00+00:00,198.45
FB,2018-07-06 00:00:00+00:00,203.23
FB,2018-07-09 00:00:00+00:00,204.74
FB,2018-07-10 00:00:00+00:00,203.54
FB,2018-07-11 00:00:00+00:00,202.54
FB,2018-07-12 00:00:00+00:00,206.92
FB,2018-07-13 00:00:00+00:00,207.32
FB,2018-07-16 00:00:00+00:00,207.23
FB,2018-07-17 00:00:00+00:00,209.99
FB,2018-07-18 00:00:00+00:00,209.36
FB,2018-07-19 00:00:00+00:00,208.09
FB,2018-07-20 00:00:00+00:00,209.94
FB,2018-07-23 00:00:00+00:00,210.91
FB,2018-07-24 00:00:00+00:00,214.67
FB,2018-07-25 00:00:00+00:00,217.5
FB,2018-07-26 00:00:00+00:00,176.26
FB,2018-07-27 00:00:00+00:00,174.89
FB,2018-07-30 00:00:00+00:00,171.06
FB,2018-07-31 00:00:00+00:00,172.58
FB,2018-08-01 00:00:00+00:00,171.65
FB,2018-08-02 00:00:00+00:00,176.37
FB,2018-08-03 00:00:00+00:00,177.78
FB,2018-08-06 00:00:00+00:00,185.69
FB,2018-08-07 00:00:00+00:00,183.81
FB,2018-08-08 00:00:00+00:00,185.18
FB,2018-08-09 00:00:00+00:00,183.09
FB,2018-08-10 00:00:00+00:00,180.26
FB,2018-08-13 00:00:00+00:00,180.05
FB,2018-08-14 00:00:00+00:00,181.11
FB,2018-08-15 00:00:00+00:00,179.53
FB,2018-08-16 00:00:00+00:00,174.7
FB,2018-08-17 00:00:00+00:00,173.8
FB,2018-08-20 00:00:00+00:00,172.5
FB,2018-08-21 00:00:00+00:00,172.62
FB,2018-08-22 00:00:00+00:00,173.64
FB,2018-08-23 00:00:00+00:00,172.9
FB,2018-08-24 00:00:00+00:00,174.645
FB,2018-08-27 00:00:00+00:00,177.46
FB,2018-08-28 00:00:00+00:00,176.26
FB,2018-08-29 00:00:00+00:00,175.9
FB,2018-08-30 00:00:00+00:00,177.64
FB,2018-08-31 00:00:00+00:00,175.73
FB,2018-09-04 00:00:00+00:00,171.16
FB,2018-09-05 00:00:00+00:00,167.18
FB,2018-09-06 00:00:00+00:00,162.53
FB,2018-09-07 00:00:00+00:00,163.04
FB,2018-09-10 00:00:00+00:00,164.18
FB,2018-09-11 00:00:00+00:00,165.94
FB,2018-09-12 00:00:00+00:00,162.0
FB,2018-09-13 00:00:00+00:00,161.36
FB,2018-09-14 00:00:00+00:00,162.32
FB,2018-09-17 00:00:00+00:00,160.58
FB,2018-09-18 00:00:00+00:00,160.3
FB,2018-09-19 00:00:00+00:00,163.06
FB,2018-09-20 00:00:00+00:00,166.02
FB,2018-09-21 00:00:00+00:00,162.93
FB,2018-09-24 00:00:00+00:00,165.41
FB,2018-09-25 00:00:00+00:00,164.91
FB,2018-09-26 00:00:00+00:00,166.95
FB,2018-09-27 00:00:00+00:00,168.84
FB,2018-09-28 00:00:00+00:00,164.46
FB,2018-10-01 00:00:00+00:00,162.44
FB,2018-10-02 00:00:00+00:00,159.33
FB,2018-10-03 00:00:00+00:00,162.43
FB,2018-10-04 00:00:00+00:00,158.85
FB,2018-10-05 00:00:00+00:00,157.33
FB,2018-10-08 00:00:00+00:00,157.25
FB,2018-10-09 00:00:00+00:00,157.9
FB,2018-10-10 00:00:00+00:00,151.38
FB,2018-10-11 00:00:00+00:00,153.35
FB,2018-10-12 00:00:00+00:00,153.74
FB,2018-10-15 00:00:00+00:00,153.52
FB,2018-10-16 00:00:00+00:00,158.78
FB,2018-10-17 00:00:00+00:00,159.42
FB,2018-10-18 00:00:00+00:00,154.92
FB,2018-10-19 00:00:00+00:00,154.05
FB,2018-10-22 00:00:00+00:00,154.78
FB,2018-10-23 00:00:00+00:00,154.39
FB,2018-10-24 00:00:00+00:00,146.04
FB,2018-10-25 00:00:00+00:00,150.95
FB,2018-10-26 00:00:00+00:00,145.37
FB,2018-10-29 00:00:00+00:00,142.09
FB,2018-10-30 00:00:00+00:00,146.22
FB,2018-10-31 00:00:00+00:00,151.79
FB,2018-11-01 00:00:00+00:00,151.75
FB,2018-11-02 00:00:00+00:00,150.35
FB,2018-11-05 00:00:00+00:00,148.68
FB,2018-11-06 00:00:00+00:00,149.94
FB,2018-11-07 00:00:00+00:00,151.53
FB,2018-11-08 00:00:00+00:00,147.87
FB,2018-11-09 00:00:00+00:00,144.96
FB,2018-11-12 00:00:00+00:00,141.55
FB,2018-11-13 00:00:00+00:00,142.16
FB,2018-11-14 00:00:00+00:00,144.22
FB,2018-11-15 00:00:00+00:00,143.85
FB,2018-11-16 00:00:00+00:00,139.53
FB,2018-11-19 00:00:00+00:00,131.55
FB,2018-11-20 00:00:00+00:00,132.43
FB,2018-11-21 00:00:00+00:00,134.82
FB,2018-11-23 00:00:00+00:00,131.73
FB,2018-11-26 00:00:00+00:00,136.38
FB,2018-11-27 00:00:00+00:00,135.0
FB,2018-11-28 00:00:00+00:00,136.76
FB,2018-11-29 00:00:00+00:00,138.68
FB,2018-11-30 00:00:00+00:00,140.61
FB,2018-12-03 00:00:00+00:00,141.09
FB,2018-12-04 00:00:00+00:00,137.93
FB,2018-12-06 00:00:00+00:00,139.63
FB,2018-12-07 00:00:00+00:00,137.42
FB,2018-12-10 00:00:00+00:00,141.85
FB,2018-12-11 00:00:00+00:00,142.08
FB,2018-12-12 00:00:00+00:00,144.5
FB,2018-12-13 00:00:00+00:00,145.01
FB,2018-12-14 00:00:00+00:00,144.06
FB,2018-12-17 00:00:00+00:00,140.19
FB,2018-12-18 00:00:00+00:00,143.66
FB,2018-12-19 00:00:00+00:00,133.24
FB,2018-12-20 00:00:00+00:00,133.4
FB,2018-12-21 00:00:00+00:00,124.95
FB,2018-12-24 00:00:00+00:00,124.06
FB,2018-12-26 00:00:00+00:00,134.18
FB,2018-12-27 00:00:00+00:00,134.52
FB,2018-12-28 00:00:00+00:00,133.2
FB,2018-12-31 00:00:00+00:00,131.09
FB,2019-01-02 00:00:00+00:00,135.68
FB,2019-01-03 00:00:00+00:00,131.74
FB,2019-01-04 00:00:00+00:00,137.95
FB,2019-01-07 00:00:00+00:00,138.05
FB,2019-01-08 00:00:00+00:00,142.53
FB,2019-01-09 00:00:00+00:00,144.23
FB,2019-01-10 00:00:00+00:00,144.2
FB,2019-01-11 00:00:00+00:00,143.8
FB,2019-01-14 00:00:00+00:00,145.39
FB,2019-01-15 00:00:00+00:00,148.95
FB,2019-01-16 00:00:00+00:00,147.54
FB,2019-01-17 00:00:00+00:00,148.3
FB,2019-01-18 00:00:00+00:00,150.04
FB,2019-01-22 00:00:00+00:00,147.57
FB,2019-01-23 00:00:00+00:00,144.3
FB,2019-01-24 00:00:00+00:00,145.83
FB,2019-01-25 00:00:00+00:00,149.01
FB,2019-01-28 00:00:00+00:00,147.47
FB,2019-01-29 00:00:00+00:00,144.19
FB,2019-01-30 00:00:00+00:00,150.42
FB,2019-01-31 00:00:00+00:00,166.69
FB,2019-02-01 00:00:00+00:00,165.71
FB,2019-02-04 00:00:00+00:00,169.25
FB,2019-02-05 00:00:00+00:00,171.16
FB,2019-02-06 00:00:00+00:00,170.49
FB,2019-02-07 00:00:00+00:00,166.38
FB,2019-02-08 00:00:00+00:00,167.33
FB,2019-02-11 00:00:00+00:00,165.79
FB,2019-02-12 00:00:00+00:00,165.04
FB,2019-02-13 00:00:00+00:00,164.07
FB,2019-02-14 00:00:00+00:00,163.95
FB,2019-02-15 00:00:00+00:00,162.5
FB,2019-02-19 00:00:00+00:00,162.29
FB,2019-02-20 00:00:00+00:00,162.56
FB,2019-02-21 00:00:00+00:00,160.04
FB,2019-02-22 00:00:00+00:00,161.89
FB,2019-02-25 00:00:00+00:00,164.62
FB,2019-02-26 00:00:00+00:00,164.13
FB,2019-02-27 00:00:00+00:00,162.81
FB,2019-02-28 00:00:00+00:00,161.45
FB,2019-03-01 00:00:00+00:00,162.28
FB,2019-03-04 00:00:00+00:00,167.37
FB,2019-03-05 00:00:00+00:00,171.26
FB,2019-03-06 00:00:00+00:00,172.51
FB,2019-03-07 00:00:00+00:00,169.13
FB,2019-03-08 00:00:00+00:00,169.6
FB,2019-03-11 00:00:00+00:00,172.07
FB,2019-03-12 00:00:00+00:00,171.92
FB,2019-03-13 00:00:00+00:00,173.37
FB,2019-03-14 00:00:00+00:00,170.17
FB,2019-03-15 00:00:00+00:00,165.98
FB,2019-03-18 00:00:00+00:00,160.47
FB,2019-03-19 00:00:00+00:00,161.57
FB,2019-03-20 00:00:00+00:00,165.44
FB,2019-03-21 00:00:00+00:00,166.08
FB,2019-03-22 00:00:00+00:00,164.34
FB,2019-03-25 00:00:00+00:00,166.29
FB,2019-03-26 00:00:00+00:00,167.68
FB,2019-03-27 00:00:00+00:00,165.87
FB,2019-03-28 00:00:00+00:00,165.55
FB,2019-03-29 00:00:00+00:00,166.69
FB,2019-04-01 00:00:00+00:00,168.7
FB,2019-04-02 00:00:00+00:00,174.2
FB,2019-04-03 00:00:00+00:00,173.54
FB,2019-04-04 00:00:00+00:00,176.02
FB,2019-04-05 00:00:00+00:00,175.72
FB,2019-04-08 00:00:00+00:00,174.93
FB,2019-04-09 00:00:00+00:00,177.58
FB,2019-04-10 00:00:00+00:00,177.82
FB,2019-04-11 00:00:00+00:00,177.51
FB,2019-04-12 00:00:00+00:00,179.1
FB,2019-04-15 00:00:00+00:00,179.65
FB,2019-04-16 00:00:00+00:00,178.87
FB,2019-04-17 00:00:00+00:00,178.78
FB,2019-04-18 00:00:00+00:00,178.28
FB,2019-04-22 00:00:00+00:00,181.44
FB,2019-04-23 00:00:00+00:00,183.78
FB,2019-04-24 00:00:00+00:00,182.58
FB,2019-04-25 00:00:00+00:00,193.26
FB,2019-04-26 00:00:00+00:00,191.49
FB,2019-04-29 00:00:00+00:00,194.78
FB,2019-04-30 00:00:00+00:00,193.4
FB,2019-05-01 00:00:00+00:00,193.03
FB,2019-05-02 00:00:00+00:00,192.53
FB,2019-05-03 00:00:00+00:00,195.47
FB,2019-05-06 00:00:00+00:00,193.88
FB,2019-05-07 00:00:00+00:00,189.77
FB,2019-05-08 00:00:00+00:00,189.54
FB,2019-05-09 00:00:00+00:00,188.65
FB,2019-05-10 00:00:00+00:00,188.34
FB,2019-05-13 00:00:00+00:00,181.54
FB,2019-05-14 00:00:00+00:00,180.73
FB,2019-05-15 00:00:00+00:00,186.27
FB,2019-05-16 00:00:00+00:00,186.99
FB,2019-05-17 00:00:00+00:00,185.3
FB,2019-05-20 00:00:00+00:00,182.72
FB,2019-05-21 00:00:00+00:00,184.82
FB,2019-05-22 00:00:00+00:00,185.32
FB,2019-05-23 00:00:00+00:00,180.87
FB,2019-05-24 00:00:00+00:00,181.06
FB,2019-05-28 00:00:00+00:00,184.31
FB,2019-05-29 00:00:00+00:00,182.19
FB,2019-05-30 00:00:00+00:00,183.01
FB,2019-05-31 00:00:00+00:00,177.47
FB,2019-06-03 00:00:00+00:00,164.15
FB,2019-06-04 00:00:00+00:00,167.5
FB,2019-06-05 00:00:00+00:00,168.17
FB,2019-06-06 00:00:00+00:00,168.33
FB,2019-06-07 00:00:00+00:00,173.35
FB,2019-06-10 00:00:00+00:00,174.82
FB,2019-06-11 00:00:00+00:00,178.1
FB,2019-06-12 00:00:00+00:00,175.04
FB,2019-06-13 00:00:00+00:00,177.47
FB,2019-06-14 00:00:00+00:00,181.33
FB,2019-06-17 00:00:00+00:00,189.01
FB,2019-06-18 00:00:00+00:00,188.47
FB,2019-06-19 00:00:00+00:00,187.48
FB,2019-06-20 00:00:00+00:00,189.53
FB,2019-06-21 00:00:00+00:00,191.14
FB,2019-06-24 00:00:00+00:00,192.6
FB,2019-06-25 00:00:00+00:00,188.84
FB,2019-06-26 00:00:00+00:00,187.66
FB,2019-06-27 00:00:00+00:00,189.5
FB,2019-06-28 00:00:00+00:00,193.0
FB,2019-07-01 00:00:00+00:00,193.0
FB,2019-07-02 00:00:00+00:00,195.0
FB,2019-07-03 00:00:00+00:00,197.2
FB,2019-07-05 00:00:00+00:00,196.4
FB,2019-07-08 00:00:00+00:00,195.76
FB,2019-07-09 00:00:00+00:00,199.21
FB,2019-07-10 00:00:00+00:00,202.73
FB,2019-07-11 00:00:00+00:00,201.23
FB,2019-07-12 00:00:00+00:00,204.87
FB,2019-07-15 00:00:00+00:00,203.91
FB,2019-07-16 00:00:00+00:00,203.84
FB,2019-07-17 00:00:00+00:00,201.8
FB,2019-07-18 00:00:00+00:00,200.78
FB,2019-07-19 00:00:00+00:00,198.36
FB,2019-07-22 00:00:00+00:00,202.32
FB,2019-07-23 00:00:00+00:00,202.36
FB,2019-07-24 00:00:00+00:00,204.66
FB,2019-07-25 00:00:00+00:00,200.71
FB,2019-07-26 00:00:00+00:00,199.75
FB,2019-07-29 00:00:00+00:00,195.94
FB,2019-07-30 00:00:00+00:00,197.04
FB,2019-07-31 00:00:00+00:00,194.23
FB,2019-08-01 00:00:00+00:00,192.73
FB,2019-08-02 00:00:00+00:00,189.02
FB,2019-08-05 00:00:00+00:00,181.73
FB,2019-08-06 00:00:00+00:00,184.51
FB,2019-08-07 00:00:00+00:00,185.15
FB,2019-08-08 00:00:00+00:00,190.16
FB,2019-08-09 00:00:00+00:00,187.85
FB,2019-08-12 00:00:00+00:00,185.37
FB,2019-08-13 00:00:00+00:00,188.45
FB,2019-08-14 00:00:00+00:00,179.71
FB,2019-08-15 00:00:00+00:00,182.59
FB,2019-08-16 00:00:00+00:00,183.7
FB,2019-08-19 00:00:00+00:00,186.17
FB,2019-08-20 00:00:00+00:00,183.81
FB,2019-08-21 00:00:00+00:00,183.55
FB,2019-08-22 00:00:00+00:00,182.04
FB,2019-08-23 00:00:00+00:00,177.75
FB,2019-08-26 00:00:00+00:00,180.36
FB,2019-08-27 00:00:00+00:00,181.3
FB,2019-08-28 00:00:00+00:00,181.76
FB,2019-08-29 00:00:00+00:00,185.57
FB,2019-08-30 00:00:00+00:00,185.67
FB,2019-09-03 00:00:00+00:00,182.39
FB,2019-09-04 00:00:00+00:00,187.14
FB,2019-09-05 00:00:00+00:00,190.9
FB,2019-09-06 00:00:00+00:00,187.49
FB,2019-09-09 00:00:00+00:00,188.76
FB,2019-09-10 00:00:00+00:00,186.17
FB,2019-09-11 00:00:00+00:00,188.49
FB,2019-09-12 00:00:00+00:00,187.47
FB,2019-09-13 00:00:00+00:00,187.19
FB,2019-09-16 00:00:00+00:00,186.22
FB,2019-09-17 00:00:00+00:00,188.08
FB,2019-09-18 00:00:00+00:00,188.14
FB,2019-09-19 00:00:00+00:00,190.14
FB,2019-09-20 00:00:00+00:00,189.93
FB,2019-09-23 00:00:00+00:00,186.82
FB,2019-09-24 00:00:00+00:00,181.28
FB,2019-09-25 00:00:00+00:00,182.8
FB,2019-09-26 00:00:00+00:00,180.11
FB,2019-09-27 00:00:00+00:00,177.1
FB,2019-09-30 00:00:00+00:00,178.08
FB,2019-10-01 00:00:00+00:00,175.81
FB,2019-10-02 00:00:00+00:00,174.6
FB,2019-10-03 00:00:00+00:00,179.38
FB,2019-10-04 00:00:00+00:00,180.45
FB,2019-10-07 00:00:00+00:00,179.68
FB,2019-10-08 00:00:00+00:00,177.75
FB,2019-10-09 00:00:00+00:00,179.85
FB,2019-10-10 00:00:00+00:00,180.03
FB,2019-10-11 00:00:00+00:00,184.19
FB,2019-10-14 00:00:00+00:00,183.28
FB,2019-10-15 00:00:00+00:00,188.89
FB,2019-10-16 00:00:00+00:00,189.55
FB,2019-10-17 00:00:00+00:00,190.39
FB,2019-10-18 00:00:00+00:00,185.85
FB,2019-10-21 00:00:00+00:00,189.76
FB,2019-10-22 00:00:00+00:00,182.34
FB,2019-10-23 00:00:00+00:00,186.15
FB,2019-10-24 00:00:00+00:00,186.38
FB,2019-10-25 00:00:00+00:00,187.89
FB,2019-10-28 00:00:00+00:00,189.4
FB,2019-10-29 00:00:00+00:00,189.31
FB,2019-10-30 00:00:00+00:00,188.25
FB,2019-10-31 00:00:00+00:00,191.65
FB,2019-11-01 00:00:00+00:00,193.62
FB,2019-11-04 00:00:00+00:00,194.72
FB,2019-11-05 00:00:00+00:00,194.32
FB,2019-11-06 00:00:00+00:00,191.55
FB,2019-11-07 00:00:00+00:00,190.42
FB,2019-11-08 00:00:00+00:00,190.84
FB,2019-11-11 00:00:00+00:00,189.61
FB,2019-11-12 00:00:00+00:00,194.47
FB,2019-11-13 00:00:00+00:00,193.19
FB,2019-11-14 00:00:00+00:00,193.15
FB,2019-11-15 00:00:00+00:00,195.1
FB,2019-11-18 00:00:00+00:00,197.4
FB,2019-11-19 00:00:00+00:00,199.32
FB,2019-11-20 00:00:00+00:00,197.51
FB,2019-11-21 00:00:00+00:00,197.93
FB,2019-11-22 00:00:00+00:00,198.82
FB,2019-11-25 00:00:00+00:00,199.79
FB,2019-11-26 00:00:00+00:00,198.97
FB,2019-11-27 00:00:00+00:00,202.0
FB,2019-11-29 00:00:00+00:00,201.64
FB,2019-12-02 00:00:00+00:00,199.7
FB,2019-12-03 00:00:00+00:00,198.82
FB,2019-12-04 00:00:00+00:00,198.71
FB,2019-12-05 00:00:00+00:00,199.36
FB,2019-12-06 00:00:00+00:00,201.05
FB,2019-12-09 00:00:00+00:00,201.34
FB,2019-12-10 00:00:00+00:00,200.87
FB,2019-12-11 00:00:00+00:00,202.26
FB,2019-12-12 00:00:00+00:00,196.75
FB,2019-12-13 00:00:00+00:00,194.11
FB,2019-12-16 00:00:00+00:00,197.92
FB,2019-12-17 00:00:00+00:00,198.39
FB,2019-12-18 00:00:00+00:00,202.5
FB,2019-12-19 00:00:00+00:00,206.06
FB,2019-12-20 00:00:00+00:00,206.3
FB,2019-12-23 00:00:00+00:00,206.18
FB,2019-12-24 00:00:00+00:00,205.12
FB,2019-12-26 00:00:00+00:00,207.79
FB,2019-12-27 00:00:00+00:00,208.1
FB,2019-12-30 00:00:00+00:00,204.41
FB,2019-12-31 00:00:00+00:00,205.25
FB,2020-01-02 00:00:00+00:00,209.78
FB,2020-01-03 00:00:00+00:00,208.67
FB,2020-01-06 00:00:00+00:00,212.6
FB,2020-01-07 00:00:00+00:00,213.06
FB,2020-01-08 00:00:00+00:00,215.22
FB,2020-01-09 00:00:00+00:00,218.3
FB,2020-01-10 00:00:00+00:00,218.06
