symbol,date,adjClose,mult,logMult
FB,2015-01-02 00:00:00+00:00,78.45,0.9923644693306185,-0.007664830575862411
FB,2015-01-05 00:00:00+00:00,77.19,0.9903821492690433,-0.009664400973278777
FB,2015-01-06 00:00:00+00:00,76.15,0.9939142820147611,-0.0061043114416733804
FB,2015-01-07 00:00:00+00:00,76.15,0.9997394476289733,-0.00026058632069299694
FB,2015-01-08 00:00:00+00:00,78.175,1.0190252801667972,0.018846562732459257
FB,2015-01-09 00:00:00+00:00,77.74,0.9953964194373401,-0.004614209673515787
FB,2015-01-12 00:00:00+00:00,76.72,0.9921634121274409,-0.007867455296577166
FB,2015-01-13 00:00:00+00:00,76.45,0.989511847727567,-0.010543540562418668
FB,2015-01-14 00:00:00+00:00,76.28,0.9997382884061764,-0.0002617458462790769
FB,2015-01-15 00:00:00+00:00,74.05,0.9691099476439791,-0.03137720846717804
FB,2015-01-16 00:00:00+00:00,75.18,1.0226904376012964,0.02243683863582516
FB,2015-01-20 00:00:00+00:00,76.24,1.00581088219757,0.005794064141987757
FB,2015-01-21 00:00:00+00:00,76.74,1.0132615546218489,0.013174389986401924
FB,2015-01-22 00:00:00+00:00,77.65,1.0062200336918492,0.006200769125184436
FB,2015-01-23 00:00:00+00:00,77.83,1.004249839021249,0.004240833959755089
FB,2015-01-26 00:00:00+00:00,77.495,0.9837137727622466,-0.01642030558324647
FB,2015-01-27 00:00:00+00:00,75.78,1.0024768609047061,0.002473798540393425
FB,2015-01-28 00:00:00+00:00,76.24,0.9993498049414823,-0.0006504065269935782
FB,2015-01-29 00:00:00+00:00,78.0,1.014964216005205,0.014853356704986956
FB,2015-01-30 00:00:00+00:00,75.91,0.9757692307692307,-0.024529164410291588
FB,2015-02-02 00:00:00+00:00,74.99,0.987912232295362,-0.012161418889364683
FB,2015-02-03 00:00:00+00:00,75.4,0.9986700359090306,-0.0013308492781428656
FB,2015-02-04 00:00:00+00:00,75.63,1.0082567585563988,0.008222858003422583
FB,2015-02-05 00:00:00+00:00,75.615,0.999603751155726,-0.0003963273715922463
FB,2015-02-06 00:00:00+00:00,74.47,0.9784619450317124,-0.02177338402981517
FB,2015-02-09 00:00:00+00:00,74.44,1.0108035111411209,0.01074557015182959
FB,2015-02-10 00:00:00+00:00,75.19,1.0032064128256515,0.003201283246155355
FB,2015-02-11 00:00:00+00:00,76.51,1.023571713943268,0.02329819102490533
FB,2015-02-12 00:00:00+00:00,76.23,0.9947957325006505,-0.005217856868431224
FB,2015-02-13 00:00:00+00:00,75.74,0.984828668584881,-0.015287593462418772
FB,2015-02-17 00:00:00+00:00,75.6,1.008499335989376,0.008463419997808454
FB,2015-02-18 00:00:00+00:00,76.71,1.0137740321306294,0.01368003233728
FB,2015-02-19 00:00:00+00:00,79.42,1.033304756709012,0.032762167642859476
FB,2015-02-20 00:00:00+00:00,79.895,1.0051539912005027,0.005140754848403362
FB,2015-02-23 00:00:00+00:00,78.84,0.9817408704352177,-0.018427884843836433
FB,2015-02-24 00:00:00+00:00,78.45,1.0,0.0
FB,2015-02-25 00:00:00+00:00,79.56,1.0175796178343948,0.017426883759251582
FB,2015-02-26 00:00:00+00:00,80.41,1.010015022533801,0.009965204538396786
FB,2015-02-27 00:00:00+00:00,78.97,0.9791769955379276,-0.021042860618989558
FB,2015-03-02 00:00:00+00:00,79.75,1.0077215189873419,0.007691860633465414
FB,2015-03-03 00:00:00+00:00,79.6,0.9961060168320562,-0.0039015844596845565
FB,2015-03-04 00:00:00+00:00,80.895,1.0243379571248425,0.024046508422060357
FB,2015-03-05 00:00:00+00:00,81.21,0.9959374615289918,-0.004070812998416469
FB,2015-03-06 00:00:00+00:00,80.005,0.984919653893696,-0.015195210788103175
FB,2015-03-09 00:00:00+00:00,79.44,0.9851907630522088,-0.01491998848798012
FB,2015-03-10 00:00:00+00:00,77.55,0.9910828025477707,-0.008957193604016828
FB,2015-03-11 00:00:00+00:00,77.57,1.0038560411311053,0.003848625661294235
FB,2015-03-12 00:00:00+00:00,78.93,1.0064020486555698,0.006381642589520611
FB,2015-03-13 00:00:00+00:00,78.05,0.9918575063613232,-0.00817582479580076
FB,2015-03-16 00:00:00+00:00,78.07,1.0051308363263212,0.005117718436979916
FB,2015-03-17 00:00:00+00:00,79.365,1.0113578356304236,0.011293819681049892
FB,2015-03-18 00:00:00+00:00,80.91,1.023596214511041,0.02332212708548313
FB,2015-03-19 00:00:00+00:00,82.75,1.0279832347140039,0.02759885825602089
FB,2015-03-20 00:00:00+00:00,83.8,1.0063556781388656,0.006335565989147796
FB,2015-03-23 00:00:00+00:00,84.43,1.0094137273593897,0.009369694355417657
FB,2015-03-24 00:00:00+00:00,85.31,1.0093259355447999,0.009282717499254946
FB,2015-03-25 00:00:00+00:00,82.92,0.9674853801169591,-0.033054965182595535
FB,2015-03-26 00:00:00+00:00,83.01,1.0079787234042552,0.00794706169253172
FB,2015-03-27 00:00:00+00:00,83.3,1.0051571120172704,0.005143859658164084
FB,2015-03-30 00:00:00+00:00,83.195,0.9891421071471185,-0.010917269969565534
FB,2015-03-31 00:00:00+00:00,82.215,0.9951749095295536,-0.004836768800614105
FB,2015-04-01 00:00:00+00:00,81.665,0.996969696969697,-0.003034903695154047
FB,2015-04-02 00:00:00+00:00,81.555,0.982370820668693,-0.01778642411843162
FB,2015-04-06 00:00:00+00:00,82.44,1.0228960396039606,0.022637858739983672
FB,2015-04-07 00:00:00+00:00,82.32,0.9997580157289775,-0.00024201355394032074
FB,2015-04-08 00:00:00+00:00,82.275,0.9984267215297108,-0.0015745173724576575
FB,2015-04-09 00:00:00+00:00,82.17,0.9964848484848484,-0.0035213441765933238
FB,2015-04-10 00:00:00+00:00,82.04,0.9965940883104247,-0.0034117250103185034
FB,2015-04-13 00:00:00+00:00,83.01,1.0151348712315391,0.015021481726872806
FB,2015-04-14 00:00:00+00:00,83.515,1.004568955152098,0.0045585491608064535
FB,2015-04-15 00:00:00+00:00,82.705,0.9870736086175943,-0.013010664196138638
FB,2015-04-16 00:00:00+00:00,82.31,0.9879956347762824,-0.012076999486658867
FB,2015-04-17 00:00:00+00:00,80.775,1.0007363770250368,0.0007361060325022723
FB,2015-04-20 00:00:00+00:00,83.09,1.030169242089772,0.029723101452206278
FB,2015-04-21 00:00:00+00:00,83.62,1.0038095238095237,0.0038022859497384787
FB,2015-04-22 00:00:00+00:00,84.63,0.9973908918406073,-0.002612517814149784
FB,2015-04-23 00:00:00+00:00,82.41,0.9841854934601665,-0.01594089008159795
FB,2015-04-24 00:00:00+00:00,81.53,0.9891264951069229,-0.010933053508947556
FB,2015-04-27 00:00:00+00:00,81.91,0.999511420544766,-0.0004886988490664885
FB,2015-04-28 00:00:00+00:00,80.68,0.97775876817793,-0.02249229767725766
FB,2015-04-29 00:00:00+00:00,80.465,1.0,0.0
FB,2015-04-30 00:00:00+00:00,78.77,0.990376202974628,-0.009670405031682558
FB,2015-05-01 00:00:00+00:00,78.99,1.001135790005048,0.0011351454835613602
FB,2015-05-04 00:00:00+00:00,78.81,0.9901676541031136,-0.009881002612281396
FB,2015-05-05 00:00:00+00:00,77.56,0.9926161680458307,-0.007411227380121513
FB,2015-05-06 00:00:00+00:00,78.1,1.0003847633705272,0.000384689368083203
FB,2015-05-07 00:00:00+00:00,78.425,1.014102564102564,0.014004048084016403
FB,2015-05-08 00:00:00+00:00,78.51,0.9921618204804047,-0.007869059516500408
FB,2015-05-11 00:00:00+00:00,78.01,0.9922273190621814,-0.007803045668212951
FB,2015-05-12 00:00:00+00:00,77.46,0.9980737125979195,-0.0019281450796554398
FB,2015-05-13 00:00:00+00:00,78.44,1.0156973751930005,0.015575445725461719
FB,2015-05-14 00:00:00+00:00,81.37,1.0312895870281227,0.03081004535118536
FB,2015-05-15 00:00:00+00:00,80.42,0.9867338164844613,-0.013354965400165226
FB,2015-05-18 00:00:00+00:00,80.88,1.0114527573758247,0.011387671024125724
FB,2015-05-19 00:00:00+00:00,80.63,0.9904,-0.00964637705180545
FB,2015-05-20 00:00:00+00:00,80.55,0.9965204424008948,-0.003485625339104121
FB,2015-05-21 00:00:00+00:00,80.48,1.0019952612545204,0.0019932733645841856
FB,2015-05-22 00:00:00+00:00,80.54,1.0009956440572496,0.0009951487324561038
FB,2015-05-26 00:00:00+00:00,79.335,0.9896804674872558,-0.01037314806564049
FB,2015-05-27 00:00:00+00:00,80.55,1.0081658291457287,0.008132669159787992
FB,2015-05-28 00:00:00+00:00,80.145,0.9962616822429907,-0.0037453227301619415
FB,2015-05-29 00:00:00+00:00,79.19,0.991869918699187,-0.008163310639160981
FB,2015-06-01 00:00:00+00:00,80.29,1.0058007566204288,0.00578399701278062
FB,2015-06-02 00:00:00+00:00,80.445,1.0199348044132397,0.01973870801146389
FB,2015-06-03 00:00:00+00:00,82.44,1.0097111247695145,0.009664274863365794
FB,2015-06-04 00:00:00+00:00,82.05,0.9967129291453616,-0.003292485140055723
FB,2015-06-05 00:00:00+00:00,82.14,0.9993892756809575,-0.0006109108871044254
FB,2015-06-08 00:00:00+00:00,80.67,0.9850892202395503,-0.015023062988669875
FB,2015-06-09 00:00:00+00:00,80.67,1.0028535980148885,0.002849534233170545
FB,2015-06-10 00:00:00+00:00,82.16,1.0183100334034394,0.01814442323879969
FB,2015-06-11 00:00:00+00:00,81.83,0.9885797594459969,-0.011485952275986701
FB,2015-06-12 00:00:00+00:00,81.53,0.9899225758879193,-0.010128545085582571
FB,2015-06-15 00:00:00+00:00,80.71,1.0033519553072625,0.003346350027344173
FB,2015-06-16 00:00:00+00:00,81.06,1.0116307844592924,0.011563666805066873
FB,2015-06-17 00:00:00+00:00,81.79,0.99853228962818,-0.001468788513750329
FB,2015-06-18 00:00:00+00:00,82.905,1.014576188143067,0.014470976668528635
FB,2015-06-19 00:00:00+00:00,82.51,1.0070022938548835,0.006977891643347682
FB,2015-06-22 00:00:00+00:00,84.74,1.0185829037285696,0.01841235124010818
FB,2015-06-23 00:00:00+00:00,87.88,1.0317796610169492,0.03128513749703444
FB,2015-06-24 00:00:00+00:00,88.86,1.0182523385808808,0.018087764210460877
FB,2015-06-25 00:00:00+00:00,87.98,0.9872283217566659,-0.012853937266981535
FB,2015-06-26 00:00:00+00:00,88.01,0.98286427598729,-0.017284239591189035
FB,2015-06-29 00:00:00+00:00,85.8,0.9998845398914674,-0.00011546677456402674
FB,2015-06-30 00:00:00+00:00,85.765,1.0019630484988453,0.001961124237008923
FB,2015-07-01 00:00:00+00:00,86.91,1.0072605739310823,0.007234342856091524
FB,2015-07-02 00:00:00+00:00,87.285,0.9895881006864987,-0.010466482343069409
FB,2015-07-06 00:00:00+00:00,87.55,1.0151462596832004,0.015032700322650479
FB,2015-07-07 00:00:00+00:00,87.22,0.9828018223234625,-0.01734778412085478
FB,2015-07-08 00:00:00+00:00,85.65,1.0050990844825587,0.005086128176148123
FB,2015-07-09 00:00:00+00:00,85.88,1.0071486221607286,0.007123191883701135
FB,2015-07-10 00:00:00+00:00,87.95,1.0149971379507727,0.014885792736841876
FB,2015-07-13 00:00:00+00:00,90.1,1.0203022783667945,0.02009893473278968
FB,2015-07-14 00:00:00+00:00,89.68,0.9949148795047535,-0.005098093719431965
FB,2015-07-15 00:00:00+00:00,89.76,1.003111111111111,0.003106281619069831
FB,2015-07-16 00:00:00+00:00,90.85,1.0251439964554718,0.024833087070171532
FB,2015-07-17 00:00:00+00:00,94.97,1.0356564019448946,0.03503543047214695
FB,2015-07-20 00:00:00+00:00,97.91,1.032342201356286,0.03183020255692132
FB,2015-07-21 00:00:00+00:00,98.39,0.97766548762001,-0.022587704653737654
FB,2015-07-22 00:00:00+00:00,97.04,1.0022741368616912,0.0022715549261672478
FB,2015-07-23 00:00:00+00:00,95.44,1.0040222772277227,0.0040142094972043475
FB,2015-07-24 00:00:00+00:00,96.95,0.992090395480226,-0.007941051372812806
FB,2015-07-27 00:00:00+00:00,94.17,0.9819838475874922,-0.018180419248191096
FB,2015-07-28 00:00:00+00:00,95.29,1.015605229860818,0.015484720363305986
FB,2015-07-29 00:00:00+00:00,96.99,0.9853612956810631,-0.014746907418110083
FB,2015-07-30 00:00:00+00:00,95.21,1.0004214519018018,0.0004213631158941125
FB,2015-07-31 00:00:00+00:00,94.01,0.9850447604002106,-0.015068196811835303
FB,2015-08-03 00:00:00+00:00,94.14,1.0027798567304609,0.0027760000743875784
FB,2015-08-04 00:00:00+00:00,94.06,1.0155666915449408,0.015446773485963232
FB,2015-08-05 00:00:00+00:00,96.44,1.0202624671916012,0.02005991497094672
FB,2015-08-06 00:00:00+00:00,95.12,0.9814776703025313,-0.01869601610767873
FB,2015-08-07 00:00:00+00:00,94.3,1.0031453134829105,0.0031403773322433272
FB,2015-08-10 00:00:00+00:00,94.15,0.9796195652173912,-0.020590981443927226
FB,2015-08-11 00:00:00+00:00,93.62,0.989010989010989,-0.011049836186584935
FB,2015-08-12 00:00:00+00:00,94.19,1.0145631067961165,0.014458083175229917
FB,2015-08-13 00:00:00+00:00,93.43,0.9945773524720894,-0.005437403449299106
FB,2015-08-14 00:00:00+00:00,94.42,1.0094077400042762,0.00936376282040053
FB,2015-08-17 00:00:00+00:00,93.93,0.996399067994069,-0.003607430967823982
FB,2015-08-18 00:00:00+00:00,95.17,1.0058460884353742,0.005829066369824536
FB,2015-08-19 00:00:00+00:00,95.31,0.9884814540843285,-0.011585398222401082
FB,2015-08-20 00:00:00+00:00,90.56,0.9356425058798374,-0.06652181362406914
FB,2015-08-21 00:00:00+00:00,86.06,0.8801416819012797,-0.12767238230879663
FB,2015-08-24 00:00:00+00:00,82.09,1.1287809944177594,0.12113828443541765
FB,2015-08-25 00:00:00+00:00,83.0,0.9884991374353076,-0.011567508971433828
FB,2015-08-26 00:00:00+00:00,87.19,1.037696335078534,0.037003193849257696
FB,2015-08-27 00:00:00+00:00,89.73,1.008409014463505,0.008373855664445403
FB,2015-08-28 00:00:00+00:00,91.01,1.007227040249055,0.007201050338635235
FB,2015-08-31 00:00:00+00:00,89.43,0.9602605144055635,-0.04055066216174709
FB,2015-09-01 00:00:00+00:00,87.23,1.0210369007931945,0.02081868034450674
FB,2015-09-02 00:00:00+00:00,89.89,1.0105832019815357,0.010527591910430012
FB,2015-09-03 00:00:00+00:00,88.15,0.9714795008912656,-0.02893511085945228
FB,2015-09-04 00:00:00+00:00,88.26,1.0285550458715595,0.028154949214977697
FB,2015-09-08 00:00:00+00:00,89.53,1.0121529713457464,0.012079716898407812
FB,2015-09-09 00:00:00+00:00,90.44,0.9921788940295219,-0.00785185123266815
FB,2015-09-10 00:00:00+00:00,91.98,1.0178749861219054,0.017717107170778196
FB,2015-09-11 00:00:00+00:00,92.05,1.0068717277486912,0.0068482250356307756
FB,2015-09-14 00:00:00+00:00,92.31,1.0006499837504064,0.0006497726024586751
FB,2015-09-15 00:00:00+00:00,92.9,1.0057377936559488,0.005721395215274078
FB,2015-09-16 00:00:00+00:00,93.45,1.005059203444564,0.005046448676041651
FB,2015-09-17 00:00:00+00:00,94.34,0.998179286708793,-0.0018223728042890287
FB,2015-09-18 00:00:00+00:00,94.4,1.015236051502146,0.015121148511456503
FB,2015-09-21 00:00:00+00:00,95.55,0.991016698372437,-0.009023894771468333
FB,2015-09-22 00:00:00+00:00,92.96,0.9960541751093102,-0.00395363019673672
FB,2015-09-23 00:00:00+00:00,93.97,0.9963597430406852,-0.0036468988182945094
FB,2015-09-24 00:00:00+00:00,94.41,1.0293359123146357,0.028913848978297893
FB,2015-09-25 00:00:00+00:00,92.77,0.9612694435744857,-0.03950053098117326
FB,2015-09-28 00:00:00+00:00,89.21,0.9676368375325803,-0.0328984299368636
FB,2015-09-29 00:00:00+00:00,86.67,0.9925925925925926,-0.00743497848751809
FB,2015-09-30 00:00:00+00:00,89.9,1.0182044323835369,0.01804071563271954
FB,2015-10-01 00:00:00+00:00,90.95,0.9872293170460856,-0.012852929102106067
FB,2015-10-02 00:00:00+00:00,92.07,1.0454443194600673,0.044441981136973216
FB,2015-10-05 00:00:00+00:00,94.01,1.0122659780503551,0.012191360493484578
FB,2015-10-06 00:00:00+00:00,92.8,0.9896896258503401,-0.010363894249878353
FB,2015-10-07 00:00:00+00:00,92.4,0.9868972183438943,-0.013189380387644849
FB,2015-10-08 00:00:00+00:00,92.47,1.0109914027641747,0.010931436306999357
FB,2015-10-09 00:00:00+00:00,93.24,1.0045209903121635,0.004510801333436234
FB,2015-10-12 00:00:00+00:00,94.26,1.003643377625375,0.003636756602166456
FB,2015-10-13 00:00:00+00:00,94.12,1.0044843049327354,0.004474280394921107
FB,2015-10-14 00:00:00+00:00,94.07,1.009672619047619,0.009626138751774309
FB,2015-10-15 00:00:00+00:00,95.96,1.0125276344878409,0.01244981294742557
FB,2015-10-16 00:00:00+00:00,97.54,1.0103971719692244,0.010343493128240382
FB,2015-10-19 00:00:00+00:00,98.47,1.0159497839061535,0.015823922645601333
FB,2015-10-20 00:00:00+00:00,97.0,0.9862250582396435,-0.013870696632693427
FB,2015-10-21 00:00:00+00:00,97.11,1.0043134435657801,0.00430416733351901
FB,2015-10-22 00:00:00+00:00,99.67,1.0421310972492075,0.0412677485164185
FB,2015-10-23 00:00:00+00:00,102.19,1.002845648120891,0.0028416069290017787
FB,2015-10-26 00:00:00+00:00,103.77,1.0072407045009784,0.007214616455004291
FB,2015-10-27 00:00:00+00:00,103.7,1.0093258208665243,0.009282603880573389
FB,2015-10-28 00:00:00+00:00,104.2,1.000577478344562,0.0005773116681077327
FB,2015-10-29 00:00:00+00:00,104.88,1.005290496344748,0.005276550833122818
FB,2015-10-30 00:00:00+00:00,101.97,0.9803846521863936,-0.019810282095356152
FB,2015-11-02 00:00:00+00:00,103.31,1.0074175287917237,0.00739015420952501
FB,2015-11-03 00:00:00+00:00,102.58,0.9997093586514242,-0.000290683592958074
FB,2015-11-04 00:00:00+00:00,103.94,1.0543657331136738,0.05293938529421924
FB,2015-11-05 00:00:00+00:00,108.76,0.9930147058823531,-0.007009805497427292
FB,2015-11-06 00:00:00+00:00,107.095,0.990373935579415,-0.009672694462508683
FB,2015-11-09 00:00:00+00:00,106.49,0.9902803738317757,-0.009767170058037223
FB,2015-11-10 00:00:00+00:00,107.91,1.0218006795016987,0.02156644291893791
FB,2015-11-11 00:00:00+00:00,109.01,1.001939595455805,0.0019377168692786358
FB,2015-11-12 00:00:00+00:00,108.02,0.9929019174041297,-0.007123393829406704
FB,2015-11-13 00:00:00+00:00,103.95,0.9592424101754712,-0.04161146213503908
FB,2015-11-16 00:00:00+00:00,104.04,1.0125822686798298,0.012503769714825422
FB,2015-11-17 00:00:00+00:00,105.13,1.0112789141655514,0.011215781481733857
FB,2015-11-18 00:00:00+00:00,107.77,1.0147448015122873,0.014637153799172619
FB,2015-11-19 00:00:00+00:00,106.26,0.9951564828614009,-0.004855284981611533
FB,2015-11-20 00:00:00+00:00,107.32,1.0032759266192437,0.0032705724616679675
FB,2015-11-23 00:00:00+00:00,106.95,0.9888982181173617,-0.011163866591360998
FB,2015-11-24 00:00:00+00:00,105.74,1.0031132075471698,0.0031083715509276546
FB,2015-11-25 00:00:00+00:00,105.41,0.9948274240571805,-0.00518600002516091
FB,2015-11-27 00:00:00+00:00,105.45,1.0005672149744753,0.0005670541688663747
FB,2015-11-30 00:00:00+00:00,104.24,0.9904572940287225,-0.009588529342219045
FB,2015-12-01 00:00:00+00:00,107.12,1.0207001812458265,0.02048884399742482
FB,2015-12-02 00:00:00+00:00,106.07,0.9931775700934579,-0.00684580907730247
FB,2015-12-03 00:00:00+00:00,104.38,0.9862614096170134,-0.013833838202517712
FB,2015-12-04 00:00:00+00:00,106.18,1.0159335941226981,0.015807986904770126
FB,2015-12-07 00:00:00+00:00,105.61,0.976709241172051,-0.02356627494548357
FB,2015-12-08 00:00:00+00:00,106.49,1.0209615384615385,0.020744868014152776
FB,2015-12-09 00:00:00+00:00,104.6,0.9893576944810698,-0.010699339864516079
FB,2015-12-10 00:00:00+00:00,105.42,0.9914326511185151,-0.00860425958402833
FB,2015-12-11 00:00:00+00:00,102.12,0.9820931349015841,-0.018069133066255225
FB,2015-12-14 00:00:00+00:00,104.66,1.029476462824461,0.029050384499203878
FB,2015-12-15 00:00:00+00:00,104.55,1.0006647673314342,0.0006645464715065868
FB,2015-12-16 00:00:00+00:00,106.79,1.0201195786276929,0.01991985437353588
FB,2015-12-17 00:00:00+00:00,106.22,0.9868825006977393,-0.013204293547419777
FB,2015-12-18 00:00:00+00:00,104.04,0.9889705882352942,-0.011090686694158173
FB,2015-12-21 00:00:00+00:00,104.77,1.0029549137355829,0.0029505565592669977
FB,2015-12-22 00:00:00+00:00,105.51,1.0063676107203954,0.006347423139701923
FB,2015-12-23 00:00:00+00:00,104.63,0.9891396732458211,-0.010919730591021505
FB,2015-12-24 00:00:00+00:00,105.02,1.002673286232576,0.002669719358371715
FB,2015-12-28 00:00:00+00:00,105.93,1.0133307941344507,0.013242720958510134
FB,2015-12-29 00:00:00+00:00,107.26,1.0054501033640293,0.005435305293682908
FB,2015-12-30 00:00:00+00:00,106.22,0.9906542056074766,-0.009389740349839032
FB,2015-12-31 00:00:00+00:00,104.66,0.9617924528301887,-0.03895659709160298
FB,2016-01-04 00:00:00+00:00,102.22,1.009220205983325,0.009177959367254594
FB,2016-01-05 00:00:00+00:00,102.73,0.98289435319273,-0.01725363847363992
FB,2016-01-06 00:00:00+00:00,102.97,0.993770394541679,-0.006249090414948599
FB,2016-01-07 00:00:00+00:00,97.92,0.9938308457711442,-0.0061882620875580285
FB,2016-01-08 00:00:00+00:00,97.33,0.9802763315979175,-0.019920776045592496
FB,2016-01-11 00:00:00+00:00,97.51,1.0111326728628331,0.01107116076860988
FB,2016-01-12 00:00:00+00:00,99.37,1.015959595959596,0.015833580609228768
FB,2016-01-13 00:00:00+00:00,95.44,0.9529727580035792,-0.04816896125216528
FB,2016-01-14 00:00:00+00:00,98.37,0.9804903495044341,-0.019702475816983707
FB,2016-01-15 00:00:00+00:00,94.97,1.0271334326452437,0.026771847185854125
FB,2016-01-19 00:00:00+00:00,95.26,0.9616699471666839,-0.03908397744868264
FB,2016-01-20 00:00:00+00:00,94.35,1.0224065496068082,0.022159210730559705
FB,2016-01-21 00:00:00+00:00,94.16,1.015804446317564,0.015680856533888125
FB,2016-01-22 00:00:00+00:00,97.94,1.0239601701068355,0.023677629480788765
FB,2016-01-25 00:00:00+00:00,97.01,0.9902755267423016,-0.009772064733792378
FB,2016-01-26 00:00:00+00:00,97.34,1.0003068739770868,0.00030682690089865977
FB,2016-01-27 00:00:00+00:00,94.45,1.0962266080376317,0.09187392631251792
FB,2016-01-28 00:00:00+00:00,109.11,1.0166977611940298,0.016559886264518573
FB,2016-01-29 00:00:00+00:00,112.21,1.0300945040829435,0.029650549569467898
FB,2016-02-01 00:00:00+00:00,115.09,1.0225349603634097,0.02228479941477804
FB,2016-02-02 00:00:00+00:00,114.61,1.0040940766550523,0.004085718727455242
FB,2016-02-03 00:00:00+00:00,112.69,0.9698967641190249,-0.03056564189192239
FB,2016-02-04 00:00:00+00:00,110.49,0.9795169946332738,-0.020695691433330905
FB,2016-02-05 00:00:00+00:00,104.07,0.91690256597571,-0.08675406539632287
FB,2016-02-08 00:00:00+00:00,99.75,0.9674335225575142,-0.03310856697374611
FB,2016-02-09 00:00:00+00:00,99.54,1.045398394070414,0.044398051108794995
FB,2016-02-10 00:00:00+00:00,101.0,0.9807976366322009,-0.019389123435841153
FB,2016-02-11 00:00:00+00:00,101.91,1.041566265060241,0.0407256043327017
FB,2016-02-12 00:00:00+00:00,102.01,1.0005783689994217,0.0005782018085341511
FB,2016-02-16 00:00:00+00:00,101.61,0.9820809248554914,-0.01808156581989257
FB,2016-02-17 00:00:00+00:00,105.2,1.0378654110260939,0.03716611451230343
FB,2016-02-18 00:00:00+00:00,103.47,0.969281663516068,-0.031200034905809405
FB,2016-02-19 00:00:00+00:00,104.57,1.028668941979522,0.028265677175327675
FB,2016-02-22 00:00:00+00:00,107.16,1.0128922172717794,0.012809820071439274
FB,2016-02-23 00:00:00+00:00,105.46,0.9752924660739354,-0.02501788776082056
FB,2016-02-24 00:00:00+00:00,106.88,1.0278284233758757,0.027448249772202196
FB,2016-02-25 00:00:00+00:00,108.07,1.014844552329381,0.01473545035062544
FB,2016-02-26 00:00:00+00:00,107.92,0.9898804047838086,-0.0101711463994798
FB,2016-02-29 00:00:00+00:00,106.92,1.0021375464684015,0.002135265166296933
FB,2016-03-01 00:00:00+00:00,109.82,1.0171566354446815,0.01701112236007801
FB,2016-03-02 00:00:00+00:00,109.95,1.0051969365426696,0.005183479072896456
FB,2016-03-03 00:00:00+00:00,109.58,0.9981859410430839,-0.0018157063544847099
FB,2016-03-04 00:00:00+00:00,108.39,0.9820081781008632,-0.0181556426573965
FB,2016-03-07 00:00:00+00:00,105.73,0.9695567687609883,-0.030916251335000557
FB,2016-03-08 00:00:00+00:00,105.93,1.0183241076541325,0.01815824432763406
FB,2016-03-09 00:00:00+00:00,107.51,1.011340206185567,0.011276388067934537
FB,2016-03-10 00:00:00+00:00,107.32,1.0052821795941063,0.005268277816443242
FB,2016-03-11 00:00:00+00:00,109.41,1.0073746312684366,0.007347571630394542
FB,2016-03-14 00:00:00+00:00,109.89,0.9984443631039531,-0.0015568481554725975
FB,2016-03-15 00:00:00+00:00,110.67,1.0126477866373385,0.012568471458076253
FB,2016-03-16 00:00:00+00:00,112.18,1.0150239840709567,0.014912241841133782
FB,2016-03-17 00:00:00+00:00,111.02,0.9947391885867142,-0.005274698206929169
FB,2016-03-18 00:00:00+00:00,111.45,1.0008963786303333,0.0008959771229260498
FB,2016-03-21 00:00:00+00:00,111.85,0.9973132724341752,-0.002690343296104824
FB,2016-03-22 00:00:00+00:00,112.25,1.0058369252873565,0.005819956437538739
FB,2016-03-23 00:00:00+00:00,112.54,1.0010713329167038,0.0010707594491411697
FB,2016-03-24 00:00:00+00:00,113.05,1.0106126817087309,0.010556762489526385
FB,2016-03-28 00:00:00+00:00,113.69,1.0045005294740559,0.004490432374809582
FB,2016-03-29 00:00:00+00:00,116.14,1.0254765878942282,0.025157468327446628
FB,2016-03-30 00:00:00+00:00,114.7,0.9826094405893944,-0.017543551529246852
FB,2016-03-31 00:00:00+00:00,114.1,0.9917175239755884,-0.008316966304265268
FB,2016-04-01 00:00:00+00:00,116.06,1.0028131868131867,0.0028092372087465474
FB,2016-04-04 00:00:00+00:00,112.55,0.9828175681599018,-0.017331762874304255
FB,2016-04-05 00:00:00+00:00,112.22,1.0032111319240031,0.0032059872504280485
FB,2016-04-06 00:00:00+00:00,113.71,1.0117364630568153,0.011668124952987064
FB,2016-04-07 00:00:00+00:00,113.64,1.004042534493365,0.004034385405396851
FB,2016-04-08 00:00:00+00:00,110.63,0.9689277899343545,-0.03156519005972291
FB,2016-04-11 00:00:00+00:00,108.99,0.9877145438121048,-0.012361546247737998
FB,2016-04-12 00:00:00+00:00,110.61,1.0264313151637094,0.026088043561311173
FB,2016-04-13 00:00:00+00:00,110.51,0.9856544595919094,-0.014449432461632529
FB,2016-04-14 00:00:00+00:00,110.84,1.0015367926233953,0.0015356129660495017
FB,2016-04-15 00:00:00+00:00,109.64,0.9905226103438938,-0.009522585901752277
FB,2016-04-18 00:00:00+00:00,110.45,1.0123929287406597,0.012316765014754911
FB,2016-04-19 00:00:00+00:00,112.29,1.011971197119712,0.01190010911608402
FB,2016-04-20 00:00:00+00:00,112.42,1.0010673307835987,0.0010667615910729881
FB,2016-04-21 00:00:00+00:00,113.44,0.9880941803642825,-0.01197726152199066
FB,2016-04-22 00:00:00+00:00,110.56,0.9879507238557684,-0.012122457117960941
FB,2016-04-25 00:00:00+00:00,110.1,1.0056430326749795,0.005627170412293971
FB,2016-04-26 00:00:00+00:00,108.76,0.9769209883247353,-0.02334950193458687
FB,2016-04-27 00:00:00+00:00,108.89,1.1077913655734668,0.1023682723758639
FB,2016-04-28 00:00:00+00:00,116.73,0.9769600669036169,-0.02330950095419733
FB,2016-04-29 00:00:00+00:00,117.58,1.0086457798322206,0.008608619113086104
FB,2016-05-02 00:00:00+00:00,118.57,0.9973690910633964,-0.0026343758596274578
FB,2016-05-03 00:00:00+00:00,117.43,0.9922566371681416,-0.007773498333380363
FB,2016-05-04 00:00:00+00:00,118.06,1.012263099219621,0.012188516542497314
FB,2016-05-05 00:00:00+00:00,117.81,0.9925449000338867,-0.0074830281152060175
FB,2016-05-06 00:00:00+00:00,119.49,1.020314100375555,0.020110521436575515
FB,2016-05-09 00:00:00+00:00,119.24,1.0006692320562154,0.0006690082203027301
FB,2016-05-10 00:00:00+00:00,120.5,1.0066042467814746,0.006582534287716663
FB,2016-05-11 00:00:00+00:00,119.52,0.9964288680342165,-0.0035775236791805547
FB,2016-05-12 00:00:00+00:00,120.28,1.003333888981497,0.0033283438946776905
FB,2016-05-13 00:00:00+00:00,119.81,0.9916929722545273,-0.008341723379120931
FB,2016-05-16 00:00:00+00:00,118.67,0.9953090970011728,-0.00470193981290839
FB,2016-05-17 00:00:00+00:00,117.35,0.982999495034506,-0.01714667253346866
FB,2016-05-18 00:00:00+00:00,117.65,1.002140410958904,0.002138123542793029
FB,2016-05-19 00:00:00+00:00,116.81,0.9992310978214438,-0.000769197935451412
FB,2016-05-20 00:00:00+00:00,117.35,1.0039329685362517,0.003925254634571471
FB,2016-05-23 00:00:00+00:00,115.97,0.9899506046670072,-0.010100231374012485
FB,2016-05-24 00:00:00+00:00,117.7,1.0162594631796285,0.016128693698401194
FB,2016-05-25 00:00:00+00:00,117.89,1.0009311775162957,0.0009307442394631527
FB,2016-05-26 00:00:00+00:00,119.47,1.0111637347767253,0.011101880215845438
FB,2016-05-27 00:00:00+00:00,119.38,0.9991635998661759,-0.0008367501115772981
FB,2016-05-31 00:00:00+00:00,118.81,0.9919638372677048,-0.008068626728973956
FB,2016-06-01 00:00:00+00:00,118.78,1.001603375527426,0.0016020914932278645
FB,2016-06-02 00:00:00+00:00,118.93,1.0024012132445868,0.0023983349387603345
FB,2016-06-03 00:00:00+00:00,118.47,0.9970161798697206,-0.002988280596593566
FB,2016-06-06 00:00:00+00:00,118.79,1.0052267745742707,0.0052131623992900476
FB,2016-06-07 00:00:00+00:00,117.76,0.9875880576987589,-0.012489613829304488
FB,2016-06-08 00:00:00+00:00,118.39,1.003141983695652,0.003137057979862388
FB,2016-06-09 00:00:00+00:00,118.56,0.9950055024125963,-0.005007011775924137
FB,2016-06-10 00:00:00+00:00,116.62,0.9783903352050365,-0.021846572821254417
FB,2016-06-13 00:00:00+00:00,113.95,0.9919130434782608,-0.008119833323443616
FB,2016-06-14 00:00:00+00:00,114.94,1.0107828526343474,0.010725132235206923
FB,2016-06-15 00:00:00+00:00,114.6,0.9875975715524719,-0.012479980452499666
FB,2016-06-16 00:00:00+00:00,114.39,1.0048300693773602,0.004818442017869108
FB,2016-06-17 00:00:00+00:00,113.02,0.9943191749694109,-0.005697022288757579
FB,2016-06-20 00:00:00+00:00,113.37,1.0030763821745627,0.0030716597936741256
FB,2016-06-21 00:00:00+00:00,114.38,1.0046442341395023,0.004633482958614244
FB,2016-06-22 00:00:00+00:00,113.91,0.9975577845617095,-0.00244520251078812
FB,2016-06-23 00:00:00+00:00,115.08,0.9706216665209408,-0.029818519448569555
FB,2016-06-24 00:00:00+00:00,112.08,1.0050445905774255,0.005031909260532592
FB,2016-06-27 00:00:00+00:00,108.97,0.9915747960921395,-0.00846089655826883
FB,2016-06-28 00:00:00+00:00,112.7,1.0247672421585465,0.02446550598268781
FB,2016-06-29 00:00:00+00:00,114.16,1.0114668783628826,0.011401632020705758
FB,2016-06-30 00:00:00+00:00,114.28,0.9959012819394785,-0.004107140828303215
FB,2016-07-01 00:00:00+00:00,114.19,0.997723292469352,-0.0022793031696603594
FB,2016-07-05 00:00:00+00:00,114.0,0.9949096015446727,-0.005103398669824477
FB,2016-07-06 00:00:00+00:00,116.7,1.0288461538461537,0.02843793532053341
FB,2016-07-07 00:00:00+00:00,115.85,0.9982851753408215,-0.001716296654033771
FB,2016-07-08 00:00:00+00:00,117.24,1.0109937301382803,0.01093373837546444
FB,2016-07-11 00:00:00+00:00,117.87,1.0078158185370827,0.007785433248622678
FB,2016-07-12 00:00:00+00:00,117.93,0.9979769029756386,-0.002025146249467029
FB,2016-07-13 00:00:00+00:00,116.78,0.9924824731818566,-0.007545925839331224
FB,2016-07-14 00:00:00+00:00,117.29,1.0020425531914894,0.0020404700159016697
FB,2016-07-15 00:00:00+00:00,116.86,0.9964328180737217,-0.003573559490865025
FB,2016-07-18 00:00:00+00:00,119.37,1.014234572110467,0.014134211857811791
FB,2016-07-19 00:00:00+00:00,120.61,1.0189931927052693,0.018815073850530467
FB,2016-07-20 00:00:00+00:00,121.92,1.0055257731958762,0.005510562120743493
FB,2016-07-21 00:00:00+00:00,120.61,0.9834317585301837,-0.016707029904867592
FB,2016-07-22 00:00:00+00:00,121.0,1.0124270225187657,0.012350440876243783
FB,2016-07-25 00:00:00+00:00,121.63,1.0050251256281406,0.0050125418235441935
FB,2016-07-26 00:00:00+00:00,121.22,1.0034426229508198,0.0034367106896673136
FB,2016-07-27 00:00:00+00:00,123.34,1.0416598595000817,0.04081545961898111
FB,2016-07-28 00:00:00+00:00,125.0,0.9774937264742786,-0.022763405072337997
FB,2016-07-29 00:00:00+00:00,123.94,0.9935820296831126,-0.006438654034198442
FB,2016-08-01 00:00:00+00:00,124.31,1.001695599515543,0.0016941636096029018
FB,2016-08-02 00:00:00+00:00,123.09,0.992181202643882,-0.007849524422767068
FB,2016-08-03 00:00:00+00:00,122.51,0.9987813794784304,-0.0012193636433410625
FB,2016-08-04 00:00:00+00:00,124.36,1.0165934602244997,0.016457293022072186
FB,2016-08-05 00:00:00+00:00,125.15,1.0021603456553048,0.0021580154640384675
FB,2016-08-08 00:00:00+00:00,125.26,1.0007185628742514,0.0007183048315551695
FB,2016-08-09 00:00:00+00:00,125.06,0.9978458592628051,-0.0021564642357142613
FB,2016-08-10 00:00:00+00:00,124.88,1.0010394179259616,0.001038878105183102
FB,2016-08-11 00:00:00+00:00,124.9,0.9960063897763578,-0.004001605980007409
FB,2016-08-12 00:00:00+00:00,124.88,1.00168404170008,0.001682625291827016
FB,2016-08-15 00:00:00+00:00,123.9,0.9887118725482348,-0.01135232190978596
FB,2016-08-16 00:00:00+00:00,123.3,1.0012955465587043,0.0012947080623906654
FB,2016-08-17 00:00:00+00:00,124.37,1.0028303412582888,0.0028263433842583142
FB,2016-08-18 00:00:00+00:00,123.91,0.996693815014918,-0.0033116624910906915
FB,2016-08-19 00:00:00+00:00,123.56,0.9978155339805825,-0.0021868554456936505
FB,2016-08-22 00:00:00+00:00,124.15,1.0095678261574639,0.00952234438642459
FB,2016-08-23 00:00:00+00:00,124.37,0.9996787406634005,-0.0003213109514350149
FB,2016-08-24 00:00:00+00:00,123.48,0.9891540130151845,-0.010905233482262355
FB,2016-08-25 00:00:00+00:00,123.89,1.0075536062378168,0.00752522060718622
FB,2016-08-26 00:00:00+00:00,124.96,1.0024183796856105,0.0024154601116035583
FB,2016-08-29 00:00:00+00:00,126.54,1.0180940892641737,0.0179323394606621
FB,2016-08-30 00:00:00+00:00,125.84,0.9921011058451816,-0.007930255675977556
FB,2016-08-31 00:00:00+00:00,126.12,1.0062101910828025,0.006190987311210871
FB,2016-09-01 00:00:00+00:00,126.17,1.0037189428707074,0.003712044699981687
FB,2016-09-02 00:00:00+00:00,126.51,0.998581001182499,-0.0014200065497497227
FB,2016-09-06 00:00:00+00:00,129.73,1.0266045630378147,0.026256815940163332
FB,2016-09-07 00:00:00+00:00,131.05,1.0067671485696708,0.006744354197275055
FB,2016-09-08 00:00:00+00:00,130.27,0.9907577146348917,-0.009285260280397872
FB,2016-09-09 00:00:00+00:00,127.1,0.9710893531724616,-0.029336793119757877
FB,2016-09-12 00:00:00+00:00,128.69,1.0164337885042871,0.016300215225263776
FB,2016-09-13 00:00:00+00:00,127.21,0.9910958369132234,-0.008944042049264448
FB,2016-09-14 00:00:00+00:00,127.77,1.008590117424541,0.008553432302491136
FB,2016-09-15 00:00:00+00:00,128.35,1.0017190185966556,0.0017175427752553118
FB,2016-09-16 00:00:00+00:00,129.07,1.0133385335413416,0.013250358521071787
FB,2016-09-19 00:00:00+00:00,128.65,0.9903009775998769,-0.009746364279888245
FB,2016-09-20 00:00:00+00:00,128.64,1.003731053245239,0.0037241101308070784
FB,2016-09-21 00:00:00+00:00,129.94,1.0106094633315263,0.01055357790418784
FB,2016-09-22 00:00:00+00:00,130.08,0.9774712643678161,-0.022786384620891262
FB,2016-09-23 00:00:00+00:00,127.96,0.9985105048604579,-0.001490605540188683
FB,2016-09-26 00:00:00+00:00,127.31,1.0018842741618905,0.0018825011442168212
FB,2016-09-27 00:00:00+00:00,128.69,1.0125382023352403,0.012460249988244021
FB,2016-09-28 00:00:00+00:00,129.23,0.9997678198281866,-0.00023220712980228031
FB,2016-09-29 00:00:00+00:00,128.09,0.9910976931413531,-0.008942169146239083
FB,2016-09-30 00:00:00+00:00,128.27,1.0027337342810279,0.0027300044255444333
FB,2016-10-03 00:00:00+00:00,128.77,1.0061536064807601,0.006134750360291948
FB,2016-10-04 00:00:00+00:00,128.19,0.9928776031586283,-0.007147882193045127
FB,2016-10-05 00:00:00+00:00,128.47,1.00140350877193,0.0014025247740856537
FB,2016-10-06 00:00:00+00:00,128.74,1.0047496690804327,0.004738424991988798
FB,2016-10-07 00:00:00+00:00,128.99,1.0049597024178551,0.004947443610467461
FB,2016-10-10 00:00:00+00:00,130.24,1.0042412091301665,0.004232240552191106
FB,2016-10-11 00:00:00+00:00,128.88,0.9906319588420487,-0.009412197242566651
FB,2016-10-12 00:00:00+00:00,129.05,0.9937989303154795,-0.006220376172435849
FB,2016-10-13 00:00:00+00:00,127.82,1.0021839170111535,0.0021815357307799384
FB,2016-10-14 00:00:00+00:00,127.88,0.997743015020624,-0.0022595358088197963
FB,2016-10-17 00:00:00+00:00,127.54,1.0037441497659907,0.0037371578842559827
FB,2016-10-18 00:00:00+00:00,128.57,1.0004662729250855,0.00046616425364421905
FB,2016-10-19 00:00:00+00:00,130.11,1.0103308994873388,0.010277900451179572
FB,2016-10-20 00:00:00+00:00,130.0,0.9977704313062198,-0.002232057882626954
FB,2016-10-21 00:00:00+00:00,132.07,1.022653721682848,0.022400936689166713
FB,2016-10-24 00:00:00+00:00,133.28,1.005877034358047,0.005859831958115138
FB,2016-10-25 00:00:00+00:00,132.29,0.986067415730337,-0.014030553765165153
FB,2016-10-26 00:00:00+00:00,131.04,1.0007596475235492,0.0007593591374077983
FB,2016-10-27 00:00:00+00:00,129.69,0.9905875208744496,-0.009457056449798888
FB,2016-10-28 00:00:00+00:00,131.29,1.0115708812260535,0.011504450529920012
FB,2016-10-31 00:00:00+00:00,130.99,0.9954548897810772,-0.004555470637121514
FB,2016-11-01 00:00:00+00:00,129.5,0.9910204702838444,-0.00902008867593482
FB,2016-11-02 00:00:00+00:00,127.17,0.9368041157951318,-0.06528107324635521
FB,2016-11-03 00:00:00+00:00,120.0,0.9802459016393443,-0.01995181875254039
FB,2016-11-04 00:00:00+00:00,120.75,1.0270925662680825,0.026732059570286827
FB,2016-11-07 00:00:00+00:00,122.15,0.9934869331596515,-0.006534369407254868
FB,2016-11-08 00:00:00+00:00,124.22,0.9956568057035156,-0.0043526533631449765
FB,2016-11-09 00:00:00+00:00,123.18,1.02,0.01980262729617973
FB,2016-11-10 00:00:00+00:00,120.8,0.9644960865004437,-0.036149504186893354
FB,2016-11-11 00:00:00+00:00,119.02,0.9966167489333222,-0.003388987202079637
FB,2016-11-14 00:00:00+00:00,115.08,0.979890132767432,-0.020314823023238088
FB,2016-11-15 00:00:00+00:00,117.2,0.9807247494217425,-0.01946344041637643
FB,2016-11-16 00:00:00+00:00,116.34,1.0203529000698812,0.02014854791940932
FB,2016-11-17 00:00:00+00:00,117.79,1.01352623919185,0.01343557625594011
FB,2016-11-18 00:00:00+00:00,117.02,0.9983951347242166,-0.0016061544515470173
FB,2016-11-21 00:00:00+00:00,121.77,1.0355329949238579,0.03491626510622788
FB,2016-11-22 00:00:00+00:00,121.47,0.9904411764705883,-0.009604802319733674
FB,2016-11-23 00:00:00+00:00,120.84,0.9981852676730182,-0.0018163809485309142
FB,2016-11-25 00:00:00+00:00,120.38,0.9926452359309148,-0.0073819436948315996
FB,2016-11-28 00:00:00+00:00,120.41,1.0037462537462536,0.003739254014089751
FB,2016-11-29 00:00:00+00:00,120.87,0.9979265157170109,-0.00207563692768975
FB,2016-11-30 00:00:00+00:00,118.42,0.983876329787234,-0.01625507093895071
FB,2016-12-01 00:00:00+00:00,115.1,0.9723770907247846,-0.028011596335608246
FB,2016-12-02 00:00:00+00:00,115.4,1.0072973677352097,0.007270870774569882
FB,2016-12-05 00:00:00+00:00,117.43,1.015006468305304,0.014894985188030162
FB,2016-12-06 00:00:00+00:00,117.31,0.9941371399439205,-0.005880114091814737
FB,2016-12-07 00:00:00+00:00,117.95,1.0083760683760683,0.008341183777173022
FB,2016-12-08 00:00:00+00:00,118.91,1.010510255975589,0.010455407216851152
FB,2016-12-09 00:00:00+00:00,119.68,1.0,0.0
FB,2016-12-12 00:00:00+00:00,117.77,0.9885925180338869,-0.011473046382013203
FB,2016-12-13 00:00:00+00:00,120.31,1.018157135584592,0.017994263372278795
FB,2016-12-14 00:00:00+00:00,120.21,1.0006666666666666,0.0006664445431604468
FB,2016-12-15 00:00:00+00:00,120.57,1.0068287808127916,0.006805570295540592
FB,2016-12-16 00:00:00+00:00,119.87,0.9913151364764267,-0.008722796740353762
FB,2016-12-19 00:00:00+00:00,119.24,0.9970796829370047,-0.002924589508827933
FB,2016-12-20 00:00:00+00:00,119.09,0.9951464435146443,-0.004865373241668458
FB,2016-12-21 00:00:00+00:00,119.04,0.9994954591321897,-0.0005046681913823427
FB,2016-12-22 00:00:00+00:00,117.4,0.9843513377082281,-0.015772395140758476
FB,2016-12-23 00:00:00+00:00,117.27,0.9996581196581196,-0.0003419387962878331
FB,2016-12-27 00:00:00+00:00,118.01,1.010516415868673,0.010461503022680825
FB,2016-12-28 00:00:00+00:00,116.92,0.9899314662831035,-0.010119564226393115
FB,2016-12-29 00:00:00+00:00,116.35,0.9965384615384615,-0.0034675434474634964
FB,2016-12-30 00:00:00+00:00,115.05,0.9951541661306231,-0.004857612990838584
FB,2017-01-03 00:00:00+00:00,116.86,1.013100060329225,0.01301499662662432
FB,2017-01-04 00:00:00+00:00,118.69,1.011144193960017,0.011082554952436012
FB,2017-01-05 00:00:00+00:00,120.67,1.0178361097089013,0.01767891274025365
FB,2017-01-06 00:00:00+00:00,123.41,1.0212431806910232,0.021020689755850745
FB,2017-01-09 00:00:00+00:00,124.9,1.0102792391744233,0.010226767071277844
FB,2017-01-10 00:00:00+00:00,124.35,0.9962345777920205,-0.003772529256483252
FB,2017-01-11 00:00:00+00:00,126.09,1.0101326899879373,0.010081698449747966
FB,2017-01-12 00:00:00+00:00,126.62,1.0149669612292014,0.014856061450869118
FB,2017-01-13 00:00:00+00:00,128.34,1.004314063848145,0.004304784951631393
FB,2017-01-17 00:00:00+00:00,127.87,1.0028897219618869,0.002885554741520229
FB,2017-01-18 00:00:00+00:00,127.92,0.99859824001246,-0.0014027433721582336
FB,2017-01-19 00:00:00+00:00,127.55,0.9989861966778445,-0.001014317568335881
FB,2017-01-20 00:00:00+00:00,127.04,0.993832943013271,-0.006186151829134469
FB,2017-01-23 00:00:00+00:00,128.93,1.0162595239965437,0.016128753542285226
FB,2017-01-24 00:00:00+00:00,129.37,1.0047920853300356,0.004780639839743107
FB,2017-01-25 00:00:00+00:00,131.48,1.0125384615384616,0.012460505981734
FB,2017-01-26 00:00:00+00:00,132.78,1.0079769049608753,0.007945257641535468
FB,2017-01-27 00:00:00+00:00,132.18,0.9917093759421164,-0.008325182420999824
FB,2017-01-30 00:00:00+00:00,130.98,0.989284085727314,-0.01077374317948302
FB,2017-01-31 00:00:00+00:00,130.32,1.0159791042482909,0.01585278226003989
FB,2017-02-01 00:00:00+00:00,133.23,1.0073345935727789,0.007307826246624661
FB,2017-02-02 00:00:00+00:00,130.84,0.9851373667617476,-0.014974188892132406
FB,2017-02-03 00:00:00+00:00,130.98,0.9980188966778419,-0.001983068302993539
FB,2017-02-06 00:00:00+00:00,132.06,1.0096197892808063,0.009573813722861292
FB,2017-02-07 00:00:00+00:00,131.84,1.0027223230490017,0.0027186242389932425
FB,2017-02-08 00:00:00+00:00,134.2,1.0142533936651585,0.014152769083695855
FB,2017-02-09 00:00:00+00:00,134.14,0.9971001561454382,-0.0029040565478250695
FB,2017-02-10 00:00:00+00:00,134.19,1.0044742729306488,0.004464293128685528
FB,2017-02-13 00:00:00+00:00,134.05,0.9955456570155903,-0.004464293128685381
FB,2017-02-14 00:00:00+00:00,133.85,0.9951528709917972,-0.004858914437099695
FB,2017-02-15 00:00:00+00:00,133.44,0.9971524915698764,-0.002851570294882006
FB,2017-02-16 00:00:00+00:00,133.84,1.0032313819794094,0.003226172284653208
FB,2017-02-17 00:00:00+00:00,133.53,1.0,0.0
FB,2017-02-21 00:00:00+00:00,133.72,1.000749063670412,0.0007487832622410887
FB,2017-02-22 00:00:00+00:00,136.12,1.0171407185628742,0.016995473829860722
FB,2017-02-23 00:00:00+00:00,135.36,0.9872691147251454,-0.012812617417452557
FB,2017-02-24 00:00:00+00:00,135.44,1.0081991651759092,0.008165734631840359
FB,2017-02-27 00:00:00+00:00,136.41,1.0113115481295283,0.011248050954559021
FB,2017-02-28 00:00:00+00:00,135.54,0.9976606477081659,-0.0023420928513304675
FB,2017-03-01 00:00:00+00:00,137.42,1.0045431230307027,0.004532834197786497
FB,2017-03-02 00:00:00+00:00,136.76,0.996644540083157,-0.0033611020974125324
FB,2017-03-03 00:00:00+00:00,137.17,1.0018297592036889,0.0018280872335416352
FB,2017-03-06 00:00:00+00:00,137.42,1.0010958503798948,0.0010952503741715604
FB,2017-03-07 00:00:00+00:00,137.3,1.0008757206451142,0.0008753374255026332
FB,2017-03-08 00:00:00+00:00,137.72,1.0041560335399198,0.004147421086710757
FB,2017-03-09 00:00:00+00:00,138.24,1.0086407203020622,0.008603602938974926
FB,2017-03-10 00:00:00+00:00,138.79,0.9985602188467354,-0.0014408186340990527
FB,2017-03-13 00:00:00+00:00,139.6,1.0054069641698509,0.0053923990176660405
FB,2017-03-14 00:00:00+00:00,139.32,0.9987810124766957,-0.0012197310929247622
FB,2017-03-15 00:00:00+00:00,139.72,1.0065331323138775,0.006511883900549695
FB,2017-03-16 00:00:00+00:00,139.99,1.0009985734664766,0.0009980752236530624
FB,2017-03-17 00:00:00+00:00,139.84,0.9955109020949124,-0.004499204161747038
FB,2017-03-20 00:00:00+00:00,139.94,1.0103070646338845,0.010254309037102857
FB,2017-03-21 00:00:00+00:00,138.51,0.9771873893021609,-0.023076844612069783
FB,2017-03-22 00:00:00+00:00,139.59,1.011237584281882,0.011174911720021724
FB,2017-03-23 00:00:00+00:00,139.53,1.004301691998853,0.004292466170146116
FB,2017-03-24 00:00:00+00:00,140.34,0.9926470588235294,-0.007380107297622534
FB,2017-03-27 00:00:00+00:00,140.32,1.009421071556994,0.009376970035040635
FB,2017-03-28 00:00:00+00:00,141.76,1.0116129951553148,0.011546081871251815
FB,2017-03-29 00:00:00+00:00,142.65,1.0028875272906543,0.002883366391609147
FB,2017-03-30 00:00:00+00:00,142.41,0.9993679775280898,-0.0006322222823068967
FB,2017-03-31 00:00:00+00:00,142.05,0.9973297730307077,-0.002673798384402093
FB,2017-04-03 00:00:00+00:00,142.28,0.9995067991263299,-0.0004933225372256946
FB,2017-04-04 00:00:00+00:00,141.73,1.0028196813760044,0.002815713531428322
FB,2017-04-05 00:00:00+00:00,141.85,0.9989455925769719,-0.0010549637015988412
FB,2017-04-06 00:00:00+00:00,141.17,0.9935965097459712,-0.006424080544628589
FB,2017-04-07 00:00:00+00:00,140.78,0.9985835694050992,-0.0014174346809733935
FB,2017-04-10 00:00:00+00:00,141.04,0.998581560283688,-0.001419446654226143
FB,2017-04-11 00:00:00+00:00,139.92,0.9923295454545453,-0.007700023785310935
FB,2017-04-12 00:00:00+00:00,139.58,0.9992842828514171,-0.000715973396375849
FB,2017-04-13 00:00:00+00:00,139.39,1.0010027216731125,0.0010022192835455754
FB,2017-04-17 00:00:00+00:00,141.42,1.0108042358328564,0.010746287097771843
FB,2017-04-18 00:00:00+00:00,140.96,1.0005662914985487,0.0005661312160262664
FB,2017-04-19 00:00:00+00:00,142.27,1.011319419879731,0.011255834628721362
FB,2017-04-20 00:00:00+00:00,143.8,1.0066456803078,0.006623695125001498
FB,2017-04-21 00:00:00+00:00,143.68,1.0073662265462127,0.00733922840134708
FB,2017-04-24 00:00:00+00:00,145.47,1.0057257174392935,0.00570938782206126
FB,2017-04-25 00:00:00+00:00,146.49,1.008916935317923,0.008877414214521023
FB,2017-04-26 00:00:00+00:00,146.56,0.997144605343667,-0.0028594790725878384
FB,2017-04-27 00:00:00+00:00,147.7,1.0192950160223633,0.019111227572077383
FB,2017-04-28 00:00:00+00:00,150.25,1.0149832775919734,0.014872137079187794
FB,2017-05-01 00:00:00+00:00,152.46,1.0105443521813628,0.01048914822081958
FB,2017-05-02 00:00:00+00:00,152.78,1.0016955784531107,0.0016941425828234347
FB,2017-05-03 00:00:00+00:00,151.8,0.9776692708333333,-0.022583835021382448
FB,2017-05-04 00:00:00+00:00,150.85,1.0085236731704068,0.008487551781056892
FB,2017-05-05 00:00:00+00:00,150.24,0.99511389897656,-0.0048980770416612645
FB,2017-05-08 00:00:00+00:00,151.06,1.0051755026209277,0.005162155738647355
FB,2017-05-09 00:00:00+00:00,150.48,0.9916826193148062,-0.008352163095900023
FB,2017-05-10 00:00:00+00:00,150.29,1.0005325168075618,0.0005323750708025711
FB,2017-05-11 00:00:00+00:00,150.04,1.0005987625573813,0.0005985833706045979
FB,2017-05-12 00:00:00+00:00,150.33,0.998470744680851,-0.0015304258235502083
FB,2017-05-15 00:00:00+00:00,150.19,0.9996004528201373,-0.00039962702010448573
FB,2017-05-16 00:00:00+00:00,149.78,0.9859436413296915,-0.014156084907969746
FB,2017-05-17 00:00:00+00:00,144.85,0.9778378378378378,-0.022411432677075363
FB,2017-05-18 00:00:00+00:00,147.66,1.0257739082365946,0.02544736012272896
FB,2017-05-19 00:00:00+00:00,148.06,0.9975075783091952,-0.0024955329445265273
FB,2017-05-22 00:00:00+00:00,148.24,1.0029713668287412,0.002966961043637263
FB,2017-05-23 00:00:00+00:00,148.07,0.9999326690008078,-6.733326602568432e-05
FB,2017-05-24 00:00:00+00:00,150.04,1.0120530603999731,0.01198100071607503
FB,2017-05-25 00:00:00+00:00,151.96,1.012840984697272,0.012759238312233691
FB,2017-05-26 00:00:00+00:00,152.13,0.9982920580700256,-0.0017094021256489145
FB,2017-05-30 00:00:00+00:00,152.38,1.004803579653879,0.004792079279072924
FB,2017-05-31 00:00:00+00:00,151.46,0.9937786509495744,-0.00624078228497903
FB,2017-06-01 00:00:00+00:00,151.53,1.000658978583196,0.0006587615521501637
FB,2017-06-02 00:00:00+00:00,153.61,1.01178794863352,0.011719011985946305
FB,2017-06-05 00:00:00+00:00,153.63,0.9985029940119761,-0.0014981276210219922
FB,2017-06-06 00:00:00+00:00,152.81,0.9990874128153315,-0.0009130038458656779
FB,2017-06-07 00:00:00+00:00,153.12,1.0052847915443335,0.00527087603899908
FB,2017-06-08 00:00:00+00:00,154.71,1.0044781931464175,0.004468195874852869
FB,2017-06-09 00:00:00+00:00,149.6,0.9573560767590616,-0.04357988070402526
FB,2017-06-12 00:00:00+00:00,148.44,1.0133630289532296,0.013274531208696327
FB,2017-06-13 00:00:00+00:00,150.68,1.0073926073926074,0.0073654159985441685
FB,2017-06-14 00:00:00+00:00,150.25,0.9762660319978844,-0.024020155942200912
FB,2017-06-15 00:00:00+00:00,149.8,1.013001963838288,0.012918163900687028
FB,2017-06-16 00:00:00+00:00,150.64,1.0141720703255566,0.014072585373631836
FB,2017-06-19 00:00:00+00:00,152.87,1.0077120822622108,0.007682496172016211
FB,2017-06-20 00:00:00+00:00,152.25,0.9965986394557824,-0.0034071583216141975
FB,2017-06-21 00:00:00+00:00,153.91,1.0042662116040955,0.00425713712331869
FB,2017-06-22 00:00:00+00:00,153.4,0.9981046990392786,-0.0018970993162298248
FB,2017-06-23 00:00:00+00:00,155.07,1.0231141959140913,0.022851109199018806
FB,2017-06-26 00:00:00+00:00,153.59,0.978176,-0.022065666037811633
FB,2017-06-27 00:00:00+00:00,150.58,0.9874378434964668,-0.012641727482589592
FB,2017-06-28 00:00:00+00:00,153.24,1.0090113967664989,0.008971036418186954
FB,2017-06-29 00:00:00+00:00,151.04,0.997504596795377,-0.002498521912569416
FB,2017-06-30 00:00:00+00:00,150.98,0.9988150098749177,-0.0011856927810290235
FB,2017-07-03 00:00:00+00:00,148.43,0.9820722383337728,-0.01809041087523901
FB,2017-07-05 00:00:00+00:00,150.34,1.0002013422818792,0.00020132201524225205
FB,2017-07-06 00:00:00+00:00,148.82,1.0014762128430517,0.0014751243120099866
FB,2017-07-07 00:00:00+00:00,151.44,1.0163484087102177,0.016216212330869464
FB,2017-07-10 00:00:00+00:00,153.5,1.0110752191970467,0.011014338059107544
FB,2017-07-11 00:00:00+00:00,155.27,1.0203429614657364,0.0201388075123921
FB,2017-07-12 00:00:00+00:00,158.9,1.0143779155217585,0.014275533487648828
FB,2017-07-13 00:00:00+00:00,159.26,1.0087564570996597,0.008718341671655716
FB,2017-07-14 00:00:00+00:00,159.97,1.0007493911197152,0.0007491104663940014
FB,2017-07-17 00:00:00+00:00,159.73,0.9963182527301092,-0.0036885415831266
FB,2017-07-18 00:00:00+00:00,162.86,1.0246148064637355,0.024316743388427122
FB,2017-07-19 00:00:00+00:00,164.14,1.007396540130815,0.007369319869291511
FB,2017-07-20 00:00:00+00:00,164.53,0.9961165048543689,-0.003891055492966676
FB,2017-07-21 00:00:00+00:00,164.43,1.002923976608187,0.0029197101033346246
FB,2017-07-24 00:00:00+00:00,166.0,1.0022473275024295,0.0022448060389740686
FB,2017-07-25 00:00:00+00:00,165.28,1.0060602387734077,0.006041949381271073
FB,2017-07-26 00:00:00+00:00,165.61,1.0523462442021565,0.05102218963402622
FB,2017-07-27 00:00:00+00:00,170.44,0.9677733257012021,-0.03275738679113579
FB,2017-07-28 00:00:00+00:00,172.45,1.017330099958597,0.017181646464577996
FB,2017-07-31 00:00:00+00:00,169.25,0.9873255813953488,-0.012755424242235741
FB,2017-08-01 00:00:00+00:00,169.86,1.0028265221999766,0.0028225350974253618
FB,2017-08-02 00:00:00+00:00,169.3,0.994128009395185,-0.005889298529552957
FB,2017-08-03 00:00:00+00:00,168.59,0.9980507974010632,-0.0019511047665312802
FB,2017-08-04 00:00:00+00:00,169.62,1.0057998461265312,0.0057830917695664685
FB,2017-08-07 00:00:00+00:00,171.98,1.0113562812591939,0.011292282764669323
FB,2017-08-08 00:00:00+00:00,171.23,0.9889457761228764,-0.011115775836314226
FB,2017-08-09 00:00:00+00:00,171.18,1.00047064360513,0.00047053288716629736
FB,2017-08-10 00:00:00+00:00,167.4,0.9875926143713982,-0.012484999899344802
FB,2017-08-11 00:00:00+00:00,168.08,1.012741887466508,0.012661392667698635
FB,2017-08-14 00:00:00+00:00,170.75,1.008230936562996,0.008197247142055313
FB,2017-08-15 00:00:00+00:00,171.0,0.9986005014869671,-0.0014004787257210875
FB,2017-08-16 00:00:00+00:00,170.0,0.9888467153284671,-0.011215948928203547
FB,2017-08-17 00:00:00+00:00,166.91,0.9852368017007205,-0.014873258885386618
FB,2017-08-18 00:00:00+00:00,167.41,1.0019180052745145,0.0019161682509701086
FB,2017-08-21 00:00:00+00:00,167.78,1.0067001675041876,0.006677821142605448
FB,2017-08-22 00:00:00+00:00,169.64,1.0033277870216306,0.00332226219197786
FB,2017-08-23 00:00:00+00:00,168.71,1.0002369106846718,0.00023688262576709122
FB,2017-08-24 00:00:00+00:00,167.74,0.9939602084320228,-0.006058104885383599
FB,2017-08-25 00:00:00+00:00,166.32,0.9943405218634576,-0.005675553664355461
FB,2017-08-28 00:00:00+00:00,167.24,0.9900545204002157,-0.009995266258530444
FB,2017-08-29 00:00:00+00:00,168.05,1.0176701966717094,0.01751589380286282
FB,2017-08-30 00:00:00+00:00,169.92,1.013260391270738,0.013173241860556914
FB,2017-08-31 00:00:00+00:00,171.97,1.011737089201878,0.011668743834377424
FB,2017-09-01 00:00:00+00:00,172.02,0.9934454756380511,-0.006576099585315182
FB,2017-09-05 00:00:00+00:00,170.72,0.9978980557015238,-0.0021041564838637328
FB,2017-09-06 00:00:00+00:00,172.09,1.006026563688491,0.006008476585884189
FB,2017-09-07 00:00:00+00:00,173.21,1.0066883796673258,0.00666611169200941
FB,2017-09-08 00:00:00+00:00,170.95,0.9960136345253914,-0.0039943322087147275
FB,2017-09-11 00:00:00+00:00,173.51,1.007888631090487,0.007857678515977753
FB,2017-09-12 00:00:00+00:00,172.96,0.9956837016574586,-0.00432564045013967
FB,2017-09-13 00:00:00+00:00,173.05,0.9956649904629791,-0.004344432934403307
FB,2017-09-14 00:00:00+00:00,170.96,0.9919888540578196,-0.008043407589197585
FB,2017-09-15 00:00:00+00:00,171.64,1.006495786516854,0.006474779816571108
FB,2017-09-18 00:00:00+00:00,170.01,0.9920344206058491,-0.007997474107852414
FB,2017-09-19 00:00:00+00:00,172.52,1.011018637908803,0.010958374990865652
FB,2017-09-20 00:00:00+00:00,172.17,0.9953043478260869,-0.004706711382293909
FB,2017-09-21 00:00:00+00:00,171.11,0.9913798124526764,-0.00865755626923885
FB,2017-09-22 00:00:00+00:00,170.54,0.9943011573938076,-0.005715142968014991
FB,2017-09-25 00:00:00+00:00,162.87,0.9719924367761757,-0.02840725564644024
FB,2017-09-26 00:00:00+00:00,164.21,1.0085106382978724,0.008474626990972236
FB,2017-09-27 00:00:00+00:00,167.68,1.0122965641952983,0.012221575559018314
FB,2017-09-28 00:00:00+00:00,168.73,1.00529951173038,0.00528551873368522
FB,2017-09-29 00:00:00+00:00,170.87,1.0151631818989515,0.015049369915378492
FB,2017-10-02 00:00:00+00:00,169.47,0.9878055895909914,-0.012269372265391125
FB,2017-10-03 00:00:00+00:00,169.96,1.0031305375073833,0.0031256475775886024
FB,2017-10-04 00:00:00+00:00,168.42,0.9961726432314667,-0.0038346998408098285
FB,2017-10-05 00:00:00+00:00,171.24,1.0063246246601252,0.006304708153753156
FB,2017-10-06 00:00:00+00:00,172.23,1.0143906020558002,0.014288040123011105
FB,2017-10-09 00:00:00+00:00,172.5,1.001737116386798,0.0017356093451461902
FB,2017-10-10 00:00:00+00:00,171.59,0.9939306358381502,-0.0060878576195038
FB,2017-10-11 00:00:00+00:00,172.74,1.0038383250945044,0.0038309775203228583
FB,2017-10-12 00:00:00+00:00,172.55,1.0048664619662822,0.004854659017160647
FB,2017-10-13 00:00:00+00:00,173.74,1.0059959642548286,0.00597805999438002
FB,2017-10-16 00:00:00+00:00,174.52,1.0012608172388102,0.0012600230762145504
FB,2017-10-17 00:00:00+00:00,176.11,1.0111041153912197,0.01104291731880101
FB,2017-10-18 00:00:00+00:00,176.03,0.9902632323804132,-0.009784479902979903
FB,2017-10-19 00:00:00+00:00,174.56,1.003258446235637,0.0032531490037461613
FB,2017-10-20 00:00:00+00:00,174.98,0.9982905982905982,-0.0017108644036295411
FB,2017-10-23 00:00:00+00:00,171.27,0.9834474885844751,-0.01669103496840695
FB,2017-10-24 00:00:00+00:00,171.8,0.9976784677887406,-0.0023242311450803487
FB,2017-10-25 00:00:00+00:00,170.6,0.9969749854566607,-0.0030295991478309268
FB,2017-10-26 00:00:00+00:00,170.63,1.0161629128253005,0.016033683571037412
FB,2017-10-27 00:00:00+00:00,177.88,1.029342520815389,0.02892026911720542
FB,2017-10-30 00:00:00+00:00,179.87,1.0073078210420618,0.007281248298573539
FB,2017-10-31 00:00:00+00:00,180.06,1.0099130531095974,0.009864241117451588
FB,2017-11-01 00:00:00+00:00,182.66,0.9905132704540468,-0.009532015200774643
FB,2017-11-02 00:00:00+00:00,178.92,0.992581520234734,-0.00744613353713026
FB,2017-11-03 00:00:00+00:00,178.92,0.9959283841820514,-0.004079927414389757
FB,2017-11-06 00:00:00+00:00,180.17,1.0108646953405018,0.01080609857998953
FB,2017-11-07 00:00:00+00:00,180.25,0.9960664819944598,-0.0039412746347320705
FB,2017-11-08 00:00:00+00:00,179.56,0.9917681739807553,-0.008265894592248284
FB,2017-11-09 00:00:00+00:00,179.3,1.0002243284168022,0.0002243032589452517
FB,2017-11-10 00:00:00+00:00,178.46,0.9952340902719372,-0.004777302889430034
FB,2017-11-13 00:00:00+00:00,178.77,1.003549295774648,0.003543011888923102
FB,2017-11-14 00:00:00+00:00,178.07,0.9917476000673665,-0.00828663948740743
FB,2017-11-15 00:00:00+00:00,177.95,1.0118872410279633,0.011817142748264623
FB,2017-11-16 00:00:00+00:00,179.59,1.003020810024614,0.0030162565458365046
FB,2017-11-17 00:00:00+00:00,179.0,0.9976017847183491,-0.002401095605932741
FB,2017-11-20 00:00:00+00:00,178.74,1.0015653826801587,0.0015641587458083157
FB,2017-11-21 00:00:00+00:00,181.86,1.0120011163829195,0.011929674009842663
FB,2017-11-22 00:00:00+00:00,180.87,0.9950358521787093,-0.004976510132282142
FB,2017-11-24 00:00:00+00:00,182.78,1.0119733924611973,0.011902278485242217
FB,2017-11-27 00:00:00+00:00,183.03,1.005203768624014,0.005190275808817719
FB,2017-11-28 00:00:00+00:00,182.42,0.9911721432074546,-0.008867053170834185
FB,2017-11-29 00:00:00+00:00,175.13,0.9722909450766948,-0.028100193100259324
FB,2017-11-30 00:00:00+00:00,177.18,0.9953633022335313,-0.0046474805936086334
FB,2017-12-01 00:00:00+00:00,175.1,1.0014770209623358,0.0014759312397709724
FB,2017-12-04 00:00:00+00:00,171.47,0.9668727664643485,-0.03368836771373996
FB,2017-12-05 00:00:00+00:00,172.83,1.0120269873863303,0.011955237887502388
FB,2017-12-06 00:00:00+00:00,176.06,1.0191304347826087,0.018949748779662153
FB,2017-12-07 00:00:00+00:00,180.14,1.0325938566552901,0.032073944051263195
FB,2017-12-08 00:00:00+00:00,179.0,0.9877155291136451,-0.01236054869125259
FB,2017-12-11 00:00:00+00:00,179.04,0.996095928611266,-0.00391171216868861
FB,2017-12-12 00:00:00+00:00,176.96,0.9927211646136619,-0.007305455362236392
FB,2017-12-13 00:00:00+00:00,178.3,1.0055837563451775,0.005568224966516568
FB,2017-12-14 00:00:00+00:00,178.39,1.0040944528577038,0.004086093396114033
FB,2017-12-15 00:00:00+00:00,180.18,1.0111160764160427,0.011054746915668486
FB,2017-12-18 00:00:00+00:00,180.82,0.9941439699464117,-0.005873243833421902
FB,2017-12-19 00:00:00+00:00,179.51,0.9992220061128092,-0.0007782966814933145
FB,2017-12-20 00:00:00+00:00,177.89,0.9896001334742228,-0.010454323026924976
FB,2017-12-21 00:00:00+00:00,177.45,0.9955041025064628,-0.004506034435184391
FB,2017-12-22 00:00:00+00:00,177.2,0.9971209213051824,-0.0028832312140848037
FB,2017-12-26 00:00:00+00:00,175.99,0.9995470758081867,-0.0004530267929566031
FB,2017-12-27 00:00:00+00:00,177.62,1.0079297649391106,0.007898489581806108
FB,2017-12-28 00:00:00+00:00,177.92,1.0002809778027537,0.0002809383358835955
FB,2017-12-29 00:00:00+00:00,176.46,0.9982022471910112,-0.0017993707059131313
FB,2018-01-02 00:00:00+00:00,181.42,1.0236380009004953,0.023362949370637816
FB,2018-01-03 00:00:00+00:00,184.67,1.0166043545194634,0.016468009436269374
FB,2018-01-04 00:00:00+00:00,184.33,1.003731746890211,0.0037248011971340446
FB,2018-01-05 00:00:00+00:00,186.85,1.008675036370494,0.008637624453278321
FB,2018-01-08 00:00:00+00:00,188.28,1.0080128205128205,0.007980888331012832
FB,2018-01-09 00:00:00+00:00,187.87,0.9906730259671437,-0.009370742620067096
FB,2018-01-10 00:00:00+00:00,187.84,1.007809992510966,0.007779652387825268
FB,2018-01-11 00:00:00+00:00,187.77,0.9451167728237791,-0.056446789996737606
FB,2018-01-12 00:00:00+00:00,179.37,1.0193193305627317,0.0191350815593804
FB,2018-01-16 00:00:00+00:00,178.39,0.9876584022038567,-0.012418387775689889
FB,2018-01-17 00:00:00+00:00,177.6,0.9936963070400536,-0.006323645124821989
FB,2018-01-18 00:00:00+00:00,179.8,1.0152697468141245,0.01515433759371339
FB,2018-01-19 00:00:00+00:00,181.29,0.9997235277854577,-0.00027651044003069335
FB,2018-01-22 00:00:00+00:00,185.37,1.029037610619469,0.028624006834555325
FB,2018-01-23 00:00:00+00:00,189.35,1.020639613007256,0.020429502344693727
FB,2018-01-24 00:00:00+00:00,186.55,0.9897835589025226,-0.01026898712713837
FB,2018-01-25 00:00:00+00:00,187.48,0.9989358872040437,-0.0010646793659428093
FB,2018-01-26 00:00:00+00:00,190.0,1.0053262316910785,0.005312097484889884
FB,2018-01-29 00:00:00+00:00,185.98,0.9695894039735099,-0.030882591971943183
FB,2018-01-30 00:00:00+00:00,187.12,1.0292880170482488,0.02886731763693687
FB,2018-01-31 00:00:00+00:00,186.89,0.9992036948558687,-0.0007966223634860492
FB,2018-02-01 00:00:00+00:00,193.09,1.0202953990011687,0.020092192232097704
FB,2018-02-02 00:00:00+00:00,190.28,0.9733909602166216,-0.02696946843849918
FB,2018-02-05 00:00:00+00:00,181.26,0.9552773765580698,-0.04575353401520709
FB,2018-02-06 00:00:00+00:00,185.31,1.031248249986,0.030769961682041148
FB,2018-02-07 00:00:00+00:00,180.18,0.9829486831387455,-0.01719836453261284
FB,2018-02-08 00:00:00+00:00,171.58,0.965471520910447,-0.03513867427522639
FB,2018-02-09 00:00:00+00:00,176.11,1.0131609063859008,0.013075054099668087
FB,2018-02-12 00:00:00+00:00,176.41,0.991867163673331,-0.008166088251053583
FB,2018-02-13 00:00:00+00:00,173.15,0.9876437763352692,-0.012433196516090868
FB,2018-02-14 00:00:00+00:00,179.52,1.0406457192274432,0.03984140435717702
FB,2018-02-15 00:00:00+00:00,179.96,0.991634349030471,-0.008400839414526982
FB,2018-02-16 00:00:00+00:00,177.36,0.9820101681658193,-0.018153616133601606
FB,2018-02-20 00:00:00+00:00,176.01,1.0053478978210162,0.005333648595157363
FB,2018-02-21 00:00:00+00:00,177.91,1.0112613887159752,0.01119845134541796
FB,2018-02-22 00:00:00+00:00,178.99,1.0067151650811417,0.006692718791105156
FB,2018-02-23 00:00:00+00:00,183.29,1.0260144524735966,0.02568183288094337
FB,2018-02-26 00:00:00+00:00,184.93,0.9992956983421821,-0.0007045497947461505
FB,2018-02-27 00:00:00+00:00,181.46,0.9883437245866089,-0.011724742358067213
FB,2018-02-28 00:00:00+00:00,178.32,0.9819528250137135,-0.018212011482517297
FB,2018-03-01 00:00:00+00:00,175.94,0.9680464778503994,-0.03247517854994616
FB,2018-03-02 00:00:00+00:00,176.62,1.0167926597033874,0.016653221849925102
FB,2018-03-05 00:00:00+00:00,180.4,1.0316685584562997,0.031177451188545216
FB,2018-03-06 00:00:00+00:00,179.78,0.9832764880624931,-0.016864928737378413
FB,2018-03-07 00:00:00+00:00,183.71,1.0269665435828577,0.02660935357338672
FB,2018-03-08 00:00:00+00:00,182.34,1.0019067334931357,0.0019049179842568931
FB,2018-03-09 00:00:00+00:00,185.23,1.0071774237398727,0.0071517886237419705
FB,2018-03-12 00:00:00+00:00,184.76,1.0020515035361444,0.0020494020763755704
FB,2018-03-13 00:00:00+00:00,181.88,0.9837832013361348,-0.016349730050139098
FB,2018-03-14 00:00:00+00:00,184.19,1.0035049288061337,0.0034988008576733913
FB,2018-03-15 00:00:00+00:00,183.86,1.0068216546605544,0.0067984924511325625
FB,2018-03-16 00:00:00+00:00,185.09,0.9594557970621713,-0.04138903331660898
FB,2018-03-19 00:00:00+00:00,172.56,0.9461047398452065,-0.05540199740667824
FB,2018-03-20 00:00:00+00:00,168.15,0.9840568460022692,-0.016071613271015413
FB,2018-03-21 00:00:00+00:00,169.39,1.0080703883495146,0.00803799692301605
FB,2018-03-22 00:00:00+00:00,164.89,0.9958466261361585,-0.004162023078323003
FB,2018-03-23 00:00:00+00:00,159.39,0.9720744680851063,-0.02832286420006137
FB,2018-03-26 00:00:00+00:00,160.06,0.9719562243502052,-0.02844451221262314
FB,2018-03-27 00:00:00+00:00,152.22,0.9701874480199604,-0.03026598077278966
FB,2018-03-28 00:00:00+00:00,153.03,1.0230794592812398,0.022817156759799173
FB,2018-03-29 00:00:00+00:00,159.79,1.017144698678698,0.016999386865652142
FB,2018-04-02 00:00:00+00:00,155.39,0.9920157151004373,-0.008016329987626568
FB,2018-04-03 00:00:00+00:00,156.11,0.9710954966464388,-0.029330466766241323
FB,2018-04-04 00:00:00+00:00,155.1,1.062719947377076,0.06083160968903865
FB,2018-04-05 00:00:00+00:00,159.34,0.976293637038871,-0.02399188019582949
FB,2018-04-06 00:00:00+00:00,157.2,1.0005705953211184,0.0005704325935062537
FB,2018-04-09 00:00:00+00:00,157.93,1.0006969965783805,0.0006967537890743719
FB,2018-04-10 00:00:00+00:00,165.04,1.0470461596910023,0.04597301849154959
FB,2018-04-11 00:00:00+00:00,166.32,1.009796806966618,0.009749129392341415
FB,2018-04-12 00:00:00+00:00,163.87,0.9856270212001439,-0.014477270588287381
FB,2018-04-13 00:00:00+00:00,164.52,1.006956495321424,0.0069324105404438285
FB,2018-04-16 00:00:00+00:00,164.83,1.0006341835173835,0.000633982507996745
FB,2018-04-17 00:00:00+00:00,168.66,1.0063317855635288,0.006311824026454761
FB,2018-04-18 00:00:00+00:00,166.36,0.9959252157238734,-0.004083108831114561
FB,2018-04-19 00:00:00+00:00,168.1,1.00956678700361,0.009521315080258394
FB,2018-04-20 00:00:00+00:00,166.28,0.9969008880147805,-0.003103924177688832
FB,2018-04-23 00:00:00+00:00,165.84,0.9889998206492497,-0.011061128704992707
FB,2018-04-24 00:00:00+00:00,159.69,0.968051743940035,-0.03246973865069278
FB,2018-04-25 00:00:00+00:00,159.69,1.0816461102702055,0.0784840569346669
FB,2018-04-26 00:00:00+00:00,174.16,1.020725089481584,0.020513246787099187
FB,2018-04-27 00:00:00+00:00,173.59,0.9829195181268027,-0.017228035913355658
FB,2018-04-30 00:00:00+00:00,172.0,0.9897002129006273,-0.010353196963189345
FB,2018-05-01 00:00:00+00:00,173.86,1.0130581395348839,0.012973617040025434
FB,2018-05-02 00:00:00+00:00,176.07,1.0050732871916714,0.005060461431094629
FB,2018-05-03 00:00:00+00:00,174.02,0.988294409866956,-0.01177463992788894
FB,2018-05-04 00:00:00+00:00,176.61,1.0246706725213772,0.024371265862946627
FB,2018-05-07 00:00:00+00:00,177.97,1.0050747110234002,0.005061878074774604
FB,2018-05-08 00:00:00+00:00,178.92,1.0079663394109397,0.007934775650075433
FB,2018-05-09 00:00:00+00:00,182.66,1.019368842878611,0.01918365428034282
FB,2018-05-10 00:00:00+00:00,185.53,1.0092820092820092,0.009239196157817434
FB,2018-05-11 00:00:00+00:00,186.99,1.0154720043278334,0.015353533295740868
FB,2018-05-14 00:00:00+00:00,186.64,0.9849235522881039,-0.015191252712256607
FB,2018-05-15 00:00:00+00:00,184.32,0.9935915188230203,-0.006429103645491898
FB,2018-05-16 00:00:00+00:00,183.2,0.9944734538518154,-0.00554187400383518
FB,2018-05-17 00:00:00+00:00,183.76,1.0044339829209548,0.0044241817800640855
FB,2018-05-18 00:00:00+00:00,182.68,1.0015259687176412,0.0015248056104706978
FB,2018-05-21 00:00:00+00:00,184.49,1.0063122381237417,0.006292399389452285
FB,2018-05-22 00:00:00+00:00,183.8,0.9868598929324609,-0.013227202074239035
FB,2018-05-23 00:00:00+00:00,186.9,1.0185205479452055,0.018351131194231422
FB,2018-05-24 00:00:00+00:00,185.93,1.0007531740908113,0.0007528905975433835
FB,2018-05-25 00:00:00+00:00,184.92,0.9909687130416084,-0.009072316248802776
FB,2018-05-29 00:00:00+00:00,185.74,1.0119344689161331,0.011863814733199182
FB,2018-05-30 00:00:00+00:00,187.67,1.007129838104428,0.007104540980490169
FB,2018-05-31 00:00:00+00:00,191.78,1.0276520998562835,0.02727668549024304
FB,2018-06-01 00:00:00+00:00,193.99,0.993654986662523,-0.006365228490246574
FB,2018-06-04 00:00:00+00:00,193.28,1.0128231859883237,0.012741665104190345
FB,2018-06-05 00:00:00+00:00,192.94,0.9831456510550695,-0.016997999866932977
FB,2018-06-06 00:00:00+00:00,191.34,0.998559352378639,-0.00144168635189509
FB,2018-06-07 00:00:00+00:00,188.18,0.9831192660550458,-0.017024837552735733
FB,2018-06-08 00:00:00+00:00,189.1,1.0068255745747348,0.006802385798610169
FB,2018-06-11 00:00:00+00:00,191.54,1.0177956676023514,0.017639178533894788
FB,2018-06-12 00:00:00+00:00,192.4,1.0029661237446013,0.0029617334788057444
FB,2018-06-13 00:00:00+00:00,192.41,1.0018678011829407,0.0018660590113273657
FB,2018-06-14 00:00:00+00:00,196.81,1.0139306059036768,0.013834466834712839
FB,2018-06-15 00:00:00+00:00,195.85,0.9949435619796722,-0.005069265060746881
FB,2018-06-18 00:00:00+00:00,198.31,1.0073675564681723,0.007340548597564449
FB,2018-06-19 00:00:00+00:00,197.49,1.014598807961059,0.014493271264151363
FB,2018-06-20 00:00:00+00:00,202.0,1.0183827222501256,0.018215802533998043
FB,2018-06-21 00:00:00+00:00,201.5,0.9921088972183862,-0.007922402300384625
FB,2018-06-22 00:00:00+00:00,201.74,0.9942334460131239,-0.0057832447557273035
FB,2018-06-25 00:00:00+00:00,196.35,0.988,-0.012072581234269249
FB,2018-06-26 00:00:00+00:00,199.0,1.007995951417004,0.007964153189726033
FB,2018-06-27 00:00:00+00:00,195.84,0.9799176624159052,-0.020286728790178437
FB,2018-06-28 00:00:00+00:00,196.23,1.0109642381391535,0.010904566652222293
FB,2018-06-29 00:00:00+00:00,194.32,0.979981755524022,-0.020221324303036893
FB,2018-07-02 00:00:00+00:00,197.36,1.006102290944821,0.006083747368062228
FB,2018-07-03 00:00:00+00:00,192.73,1.000976612695965,0.0009761361200474686
FB,2018-07-05 00:00:00+00:00,198.45,1.0190510424155284,0.018871843678464183
FB,2018-07-06 00:00:00+00:00,203.23,1.03265306122449,0.03213127818279341
FB,2018-07-09 00:00:00+00:00,204.74,0.9979017225394037,-0.0021004819290112156
FB,2018-07-10 00:00:00+00:00,203.54,0.9888508557457213,-0.0112117618196034
FB,2018-07-11 00:00:00+00:00,202.54,1.0059835822371674,0.005965751700607424
FB,2018-07-12 00:00:00+00:00,206.92,1.0215307476773337,0.021302235338762854
FB,2018-07-13 00:00:00+00:00,207.32,0.9985082527308599,-0.0014928610318704458
FB,2018-07-16 00:00:00+00:00,207.23,0.9874698795180723,-0.012609284425898905
FB,2018-07-17 00:00:00+00:00,209.99,1.0240117130307467,0.023727965058485373
FB,2018-07-18 00:00:00+00:00,209.36,0.9949957106090936,-0.005016852778470965
FB,2018-07-19 00:00:00+00:00,208.09,1.0003831968194663,0.00038312341831587106
FB,2018-07-20 00:00:00+00:00,209.94,1.0082834570265742,0.00824933748542902
FB,2018-07-23 00:00:00+00:00,210.91,1.0215120144363188,0.021283896769093355
FB,2018-07-24 00:00:00+00:00,214.67,1.0028125145274511,0.0028085668087461124
FB,2018-07-25 00:00:00+00:00,217.5,0.8107456597825834,-0.2098008871453529
FB,2018-07-26 00:00:00+00:00,176.26,1.0284750414546286,0.028077162878779538
FB,2018-07-27 00:00:00+00:00,174.89,0.974592761438817,-0.025735575812690495
FB,2018-07-30 00:00:00+00:00,171.06,0.9735881346263547,-0.026766924496523185
FB,2018-07-31 00:00:00+00:00,172.58,1.019101189429894,0.018921051989396274
FB,2018-08-01 00:00:00+00:00,171.65,0.9813143218536192,-0.018862461100262747
FB,2018-08-02 00:00:00+00:00,176.37,1.0410710100773377,0.04025000063718428
FB,2018-08-03 00:00:00+00:00,177.78,1.0072035567561484,0.0071777350723335
FB,2018-08-06 00:00:00+00:00,185.69,1.0420740906297146,0.041213045054553345
FB,2018-08-07 00:00:00+00:00,183.81,0.9906166219839142,-0.009427679255559082
FB,2018-08-08 00:00:00+00:00,185.18,1.0059496617050068,0.005932032359007978
FB,2018-08-09 00:00:00+00:00,183.09,0.9795038127686317,-0.02070914903887797
FB,2018-08-10 00:00:00+00:00,180.26,0.9893430015381235,-0.010714190966530795
FB,2018-08-13 00:00:00+00:00,180.05,1.0033870072182123,0.0033812842281624204
FB,2018-08-14 00:00:00+00:00,181.11,0.9924187925405346,-0.007610090886171151
FB,2018-08-15 00:00:00+00:00,179.53,1.006022080963533,0.006004020704591216
FB,2018-08-16 00:00:00+00:00,174.7,0.9671876732069616,-0.033362724586010736
FB,2018-08-17 00:00:00+00:00,173.8,0.9973638968481375,-0.0026395837900024983
FB,2018-08-20 00:00:00+00:00,172.5,0.9929326591588141,-0.007092432786578968
FB,2018-08-21 00:00:00+00:00,172.62,0.996527978704936,-0.0034780627490922623
FB,2018-08-22 00:00:00+00:00,173.64,1.0051100400673596,0.005097028121499302
FB,2018-08-23 00:00:00+00:00,172.9,1.0035241781732045,0.0035179828087516423
FB,2018-08-24 00:00:00+00:00,174.645,1.0131836499712148,0.013097501995060368
FB,2018-08-27 00:00:00+00:00,177.46,1.0119893175748622,0.01191801505349641
FB,2018-08-28 00:00:00+00:00,176.26,0.9898652442448063,-0.010186462042688853
FB,2018-08-29 00:00:00+00:00,175.9,0.9977594373067871,-0.0022430765094145055
FB,2018-08-30 00:00:00+00:00,177.64,1.0071063104036384,0.007081179567968492
FB,2018-08-31 00:00:00+00:00,175.73,0.9793959920970928,-0.020819231924567153
FB,2018-09-04 00:00:00+00:00,171.16,0.9768876080691643,-0.0233836713569508
FB,2018-09-05 00:00:00+00:00,167.18,0.9851908667178003,-0.014919883264108775
FB,2018-09-06 00:00:00+00:00,162.53,0.9600550964187329,-0.040764604064272104
FB,2018-09-07 00:00:00+00:00,163.04,1.0199613249329424,0.019764709844912878
FB,2018-09-10 00:00:00+00:00,164.18,1.0026298085743992,0.0026263566783896125
FB,2018-09-11 00:00:00+00:00,165.94,0.9957911431011346,-0.004217739068344117
FB,2018-09-12 00:00:00+00:00,162.0,0.9923430321592649,-0.007686432924156406
FB,2018-09-13 00:00:00+00:00,161.36,0.9982407407407408,-0.0017608085731931175
FB,2018-09-14 00:00:00+00:00,162.32,1.001267662245308,0.0012668594399097377
FB,2018-09-17 00:00:00+00:00,160.58,0.984375,-0.015748356968139168
FB,2018-09-18 00:00:00+00:00,160.3,1.0043290043290045,0.004319661144516601
FB,2018-09-19 00:00:00+00:00,163.06,1.0276111944027986,0.02723687992994859
FB,2018-09-20 00:00:00+00:00,166.02,1.0130091185410333,0.0129252267472898
FB,2018-09-21 00:00:00+00:00,162.93,0.9663346135381662,-0.034245113922811835
FB,2018-09-24 00:00:00+00:00,165.41,1.0059616220580017,0.005943921902141967
FB,2018-09-25 00:00:00+00:00,164.91,1.0142601395147848,0.014159420111175748
FB,2018-09-26 00:00:00+00:00,166.95,1.019780888618381,0.019587789140097008
FB,2018-09-27 00:00:00+00:00,168.84,1.0046553267681289,0.004644524247670846
FB,2018-09-28 00:00:00+00:00,164.46,0.9685142280045149,-0.03199210547942741
FB,2018-10-01 00:00:00+00:00,162.44,0.9911059314236644,-0.008933856900000314
FB,2018-10-02 00:00:00+00:00,159.33,0.9902215620745141,-0.009826560817735733
FB,2018-10-03 00:00:00+00:00,162.43,1.009125,0.00908361873304257
FB,2018-10-04 00:00:00+00:00,158.85,0.9860646599777034,-0.01403334845895618
FB,2018-10-05 00:00:00+00:00,157.33,0.9769486841278813,-0.023321152241116194
FB,2018-10-08 00:00:00+00:00,157.25,1.0138228108525138,0.013728147150698235
FB,2018-10-09 00:00:00+00:00,157.9,0.9944828460904306,-0.00553242961471962
FB,2018-10-10 00:00:00+00:00,151.38,0.9573396250478255,-0.0435970653785623
FB,2018-10-11 00:00:00+00:00,153.35,1.043961899686938,0.04302299424176318
FB,2018-10-12 00:00:00+00:00,153.74,0.9782428380016589,-0.02199733915362243
FB,2018-10-15 00:00:00+00:00,153.52,1.0135663970780069,0.013475197421192828
FB,2018-10-16 00:00:00+00:00,158.78,1.0267696267696267,0.02641758910365873
FB,2018-10-17 00:00:00+00:00,159.42,0.9934194033592378,-0.006602344227404676
FB,2018-10-18 00:00:00+00:00,154.92,0.9832818118730681,-0.016859514394386262
FB,2018-10-19 00:00:00+00:00,154.05,0.9929423841909405,-0.007082638583102754
FB,2018-10-22 00:00:00+00:00,154.78,0.9771258723184286,-0.023139799702188293
FB,2018-10-23 00:00:00+00:00,154.39,1.0202354185954239,0.020033403209903208
FB,2018-10-24 00:00:00+00:00,146.04,0.9575447238786621,-0.0433828500065104
FB,2018-10-25 00:00:00+00:00,150.95,0.9870710079198538,-0.013013298955232486
FB,2018-10-26 00:00:00+00:00,145.37,1.0183788232066933,0.01821197386447014
FB,2018-10-29 00:00:00+00:00,142.09,0.9423232323232323,-0.05940692916172024
FB,2018-10-30 00:00:00+00:00,146.22,1.1076571265230286,0.10224708783821262
FB,2018-10-31 00:00:00+00:00,151.79,0.9775483870967743,-0.022707487481478425
FB,2018-11-01 00:00:00+00:00,151.75,1.0018479408658922,0.001846235523761386
FB,2018-11-02 00:00:00+00:00,150.35,0.9888010540184452,-0.011262126322113403
FB,2018-11-05 00:00:00+00:00,148.68,0.9947368421052633,-0.005277057100843669
FB,2018-11-06 00:00:00+00:00,149.94,1.0151362936173063,0.015022882904993045
FB,2018-11-07 00:00:00+00:00,151.53,0.9928745794022565,-0.00715092764493816
FB,2018-11-08 00:00:00+00:00,147.87,0.9751478503555053,-0.025166178090421414
FB,2018-11-09 00:00:00+00:00,144.96,0.9845315161839863,-0.015589369039530647
FB,2018-11-12 00:00:00+00:00,141.55,0.9828349944629015,-0.017314032067414543
FB,2018-11-13 00:00:00+00:00,142.16,1.0119718309859154,0.011900735483718386
FB,2018-11-14 00:00:00+00:00,144.22,0.9904662491301324,-0.009579488002445135
FB,2018-11-15 00:00:00+00:00,143.85,0.9911473336612098,-0.008892083996123082
FB,2018-11-16 00:00:00+00:00,139.53,0.9754731693485506,-0.02483262380922046
FB,2018-11-19 00:00:00+00:00,131.55,0.9231160526124554,-0.08000031824182102
FB,2018-11-20 00:00:00+00:00,132.43,1.058017791072975,0.05639714905367982
FB,2018-11-21 00:00:00+00:00,134.82,0.9944196428571429,-0.005595985504121113
FB,2018-11-23 00:00:00+00:00,131.73,0.9951365506921062,-0.004875314363174332
FB,2018-11-26 00:00:00+00:00,136.38,1.0206766917293233,0.02046583059229104
FB,2018-11-27 00:00:00+00:00,135.0,1.0039042357274401,0.0038966339787209914
FB,2018-11-28 00:00:00+00:00,136.76,0.9973583798062811,-0.0026451154290893595
FB,2018-11-29 00:00:00+00:00,138.68,1.0172160094173044,0.017069493153442455
FB,2018-11-30 00:00:00+00:00,140.61,1.0342832344857515,0.033708659742788395
FB,2018-12-03 00:00:00+00:00,141.09,0.984125874125874,-0.01600146925143101
FB,2018-12-04 00:00:00+00:00,137.93,0.9508988843885454,-0.050347547653805495
FB,2018-12-06 00:00:00+00:00,139.63,1.0405768943356748,0.03977526545272252
FB,2018-12-07 00:00:00+00:00,137.42,1.0025134649910232,0.0025103115208785845
FB,2018-12-10 00:00:00+00:00,141.85,1.0306590257879655,0.030198428499151008
FB,2018-12-11 00:00:00+00:00,142.08,0.9944398109535726,-0.005575704436606027
FB,2018-12-12 00:00:00+00:00,144.5,1.0174028515515794,0.01725315618575234
FB,2018-12-13 00:00:00+00:00,145.01,0.9846809095280622,-0.015437640010796207
FB,2018-12-14 00:00:00+00:00,144.06,0.9981861308776336,-0.0018155161749561376
FB,2018-12-17 00:00:00+00:00,140.19,0.9860218059826671,-0.014076809022965696
FB,2018-12-18 00:00:00+00:00,143.66,1.0009214629997165,0.0009210387133094049
FB,2018-12-19 00:00:00+00:00,133.24,0.92557184335387,-0.07734352345098448
FB,2018-12-20 00:00:00+00:00,133.4,1.0205814843152257,0.020372547522776376
FB,2018-12-21 00:00:00+00:00,124.95,0.9228577854411876,-0.08028013496254477
FB,2018-12-24 00:00:00+00:00,124.06,1.023558082859464,0.023284873761070243
FB,2018-12-26 00:00:00+00:00,134.18,1.051111111111111,0.04984780572756752
FB,2018-12-27 00:00:00+00:00,134.52,1.0218967079432195,0.021660418125033876
FB,2018-12-28 00:00:00+00:00,133.2,0.9934239692625978,-0.006597748089205884
FB,2018-12-31 00:00:00+00:00,131.09,0.9593901078467834,-0.04145750073782876
FB,2019-01-02 00:00:00+00:00,135.68,1.044189472052097,0.04324095963367869
FB,2019-01-03 00:00:00+00:00,131.74,0.9949513698121613,-0.005061417578586491
FB,2019-01-04 00:00:00+00:00,137.95,1.02649056040594,0.0261457615319286
FB,2019-01-07 00:00:00+00:00,138.05,1.0169380633905203,0.016796213924273516
FB,2019-01-08 00:00:00+00:00,142.53,1.0218743298305812,0.021638519279981696
FB,2019-01-09 00:00:00+00:00,144.23,1.0009094088842254,0.0009089956224963417
FB,2019-01-10 00:00:00+00:00,144.2,1.0004892367906066,0.0004891171533070534
FB,2019-01-11 00:00:00+00:00,143.8,0.9919664687390848,-0.00806597394286342
FB,2019-01-14 00:00:00+00:00,145.39,1.0282394366197183,0.02784805491221187
FB,2019-01-15 00:00:00+00:00,148.95,1.020478049448668,0.020271193431986658
FB,2019-01-16 00:00:00+00:00,147.54,0.986241610738255,-0.013853913080532812
FB,2019-01-17 00:00:00+00:00,148.3,1.0190541000340252,0.01887484413063238
FB,2019-01-18 00:00:00+00:00,150.04,0.9963272120200333,-0.0036795492258983728
FB,2019-01-22 00:00:00+00:00,147.57,0.993833780160858,-0.006185309487128872
FB,2019-01-23 00:00:00+00:00,144.3,0.9754518478554086,-0.024854481638665226
FB,2019-01-24 00:00:00+00:00,145.83,1.0196349557522124,0.01944467672207742
FB,2019-01-25 00:00:00+00:00,149.01,1.0038649308380798,0.0038574811816565946
FB,2019-01-28 00:00:00+00:00,147.47,1.0002701789935833,0.00027014250181171964
FB,2019-01-29 00:00:00+00:00,144.19,0.9873725437234114,-0.012707860184242118
FB,2019-01-30 00:00:00+00:00,150.42,1.1325400082068116,0.12446290508598937
FB,2019-01-31 00:00:00+00:00,166.69,1.001449275362319,0.0014482261763649699
FB,2019-02-01 00:00:00+00:00,165.71,0.9991558128316449,-0.0008445436950069833
FB,2019-02-04 00:00:00+00:00,169.25,1.0208207604103803,0.020606970794200326
FB,2019-02-05 00:00:00+00:00,171.16,1.0121194206325745,0.012046568480924148
FB,2019-02-06 00:00:00+00:00,170.49,0.9824766355140186,-0.01767871616879409
FB,2019-02-07 00:00:00+00:00,166.38,0.9778240190249703,-0.022425564785669993
FB,2019-02-08 00:00:00+00:00,167.33,1.020854867149024,0.0206403813303174
FB,2019-02-11 00:00:00+00:00,165.79,0.9938058368076237,-0.0062134266095665545
FB,2019-02-12 00:00:00+00:00,165.04,0.9911302888649166,-0.008909281179907927
FB,2019-02-13 00:00:00+00:00,164.07,0.9867577699842787,-0.013330690151177358
FB,2019-02-14 00:00:00+00:00,163.95,1.00808873092714,0.008056192488485643
FB,2019-02-15 00:00:00+00:00,162.5,0.9756245820922741,-0.024677416061258388
FB,2019-02-19 00:00:00+00:00,162.29,1.0109034267912773,0.010844413014128876
FB,2019-02-20 00:00:00+00:00,162.56,0.9980277349768876,-0.0019742124988199024
FB,2019-02-21 00:00:00+00:00,160.04,0.9916630642870377,-0.008371882328841439
FB,2019-02-22 00:00:00+00:00,161.89,1.015506289699838,0.015387295716647717
FB,2019-02-25 00:00:00+00:00,164.62,1.0077574047954867,0.007727470837794696
FB,2019-02-26 00:00:00+00:00,164.13,0.9912678370401923,-0.008770511702980986
FB,2019-02-27 00:00:00+00:00,162.81,0.9967464702271333,-0.0032588340089763604
FB,2019-02-28 00:00:00+00:00,161.45,1.0014165178296484,0.0014155155146871952
FB,2019-03-01 00:00:00+00:00,162.28,1.0079950799507995,0.007963288636073786
FB,2019-03-04 00:00:00+00:00,167.37,1.0211714460036607,0.02095044477576262
FB,2019-03-05 00:00:00+00:00,171.26,1.0330405687996653,0.03250646216369807
FB,2019-03-06 00:00:00+00:00,172.51,0.9919028340080971,-0.008130126083250288
FB,2019-03-07 00:00:00+00:00,169.13,0.9690962099125364,-0.03139138418464681
FB,2019-03-08 00:00:00+00:00,169.6,1.032490974729242,0.031974304632514106
FB,2019-03-11 00:00:00+00:00,172.07,1.002855477855478,0.0028514087229577524
FB,2019-03-12 00:00:00+00:00,171.92,1.0013365099657157,0.0013356176312588714
FB,2019-03-13 00:00:00+00:00,173.37,0.9851439182915506,-0.014967538542405465
FB,2019-03-14 00:00:00+00:00,170.17,0.984684260131951,-0.015434237285958368
FB,2019-03-15 00:00:00+00:00,165.98,0.9785235702321129,-0.021710404309280448
FB,2019-03-18 00:00:00+00:00,160.47,0.9872225958305313,-0.012859737285694162
FB,2019-03-19 00:00:00+00:00,161.57,1.0001238543472877,0.00012384667797125197
FB,2019-03-20 00:00:00+00:00,165.44,1.0209907120743034,0.020773442250165607
FB,2019-03-21 00:00:00+00:00,166.08,1.0046091333616352,0.004598543833028112
FB,2019-03-22 00:00:00+00:00,164.34,0.9840024147298521,-0.016126927939142572
FB,2019-03-25 00:00:00+00:00,166.29,1.0266871165644171,0.026337226850573242
FB,2019-03-26 00:00:00+00:00,167.68,1.0029877502240814,0.002983295768708423
FB,2019-03-27 00:00:00+00:00,165.87,0.9804587429252308,-0.019734711818752512
FB,2019-03-28 00:00:00+00:00,165.55,1.011059123777116,0.010998418820124336
FB,2019-03-29 00:00:00+00:00,166.69,1.008654366247972,0.00861713189267226
FB,2019-04-01 00:00:00+00:00,168.7,1.013763927784067,0.013670065227650297
FB,2019-04-02 00:00:00+00:00,174.2,1.0256259550958036,0.025303114094743687
FB,2019-04-03 00:00:00+00:00,173.54,1.0087106017191978,0.008672883303183906
FB,2019-04-04 00:00:00+00:00,176.02,1.00488580843086,0.004873911603525117
FB,2019-04-05 00:00:00+00:00,175.72,0.9905585707824515,-0.009486282050194618
FB,2019-04-08 00:00:00+00:00,174.93,1.0023400490839565,0.0023373154328533985
FB,2019-04-09 00:00:00+00:00,177.58,1.0145769274570096,0.014471705360648344
FB,2019-04-10 00:00:00+00:00,177.82,1.000336738129981,0.000336681446421591
FB,2019-04-11 00:00:00+00:00,177.51,0.998653500897666,-0.001347406446834097
FB,2019-04-12 00:00:00+00:00,179.1,1.002808988764045,0.0028050509276086816
FB,2019-04-15 00:00:00+00:00,179.65,1.0028011204481793,0.002797204621061219
FB,2019-04-16 00:00:00+00:00,178.87,1.0033519553072625,0.003346350027344173
FB,2019-04-17 00:00:00+00:00,178.78,0.9955456570155903,-0.004464293128685381
FB,2019-04-18 00:00:00+00:00,178.28,0.9969239373601789,-0.0030808034450084958
FB,2019-04-22 00:00:00+00:00,181.44,1.0251893408134642,0.02487731827606921
FB,2019-04-23 00:00:00+00:00,183.78,1.0095764474116231,0.009530883899199524
FB,2019-04-24 00:00:00+00:00,182.58,1.0677001463493956,0.06550693927188225
FB,2019-04-25 00:00:00+00:00,193.26,0.9772565742714997,-0.02300604701371733
FB,2019-04-26 00:00:00+00:00,191.49,0.9919480519480519,-0.008084540056313733
FB,2019-04-29 00:00:00+00:00,194.78,1.016967792615868,0.01682544755400327
FB,2019-04-30 00:00:00+00:00,193.4,1.0030382614964726,0.00303365530752472
FB,2019-05-01 00:00:00+00:00,193.03,0.990861484752028,-0.009180527628167607
FB,2019-05-02 00:00:00+00:00,192.53,1.0071502590673576,0.007124817170439032
FB,2019-05-03 00:00:00+00:00,195.47,0.9838460746990432,-0.01628582231742186
FB,2019-05-06 00:00:00+00:00,193.88,1.006797741058356,0.006774740591917847
FB,2019-05-07 00:00:00+00:00,189.77,0.9836397631660954,-0.016495543302176553
FB,2019-05-08 00:00:00+00:00,189.54,0.9884365594804372,-0.011630817004152286
FB,2019-05-09 00:00:00+00:00,188.65,1.0056089743589745,0.005593302636511377
FB,2019-05-10 00:00:00+00:00,188.34,0.9747675962815405,-0.025556199185377975
FB,2019-05-13 00:00:00+00:00,181.54,0.9946594005449592,-0.005354911435423133
FB,2019-05-14 00:00:00+00:00,180.73,0.9884944115713346,-0.011572289830709194
FB,2019-05-15 00:00:00+00:00,186.27,1.025662343420907,0.0253385926036724
FB,2019-05-16 00:00:00+00:00,186.99,0.9988651715752499,-0.001135472830099382
FB,2019-05-17 00:00:00+00:00,185.3,0.9839861501839429,-0.016143457045255827
FB,2019-05-20 00:00:00+00:00,182.72,1.0147899714097206,0.014681666362389982
FB,2019-05-21 00:00:00+00:00,184.82,1.0008668797746112,0.0008665042513460591
FB,2019-05-22 00:00:00+00:00,185.32,0.9874952633573323,-0.012583578818533678
FB,2019-05-23 00:00:00+00:00,180.87,0.9995066330446224,-0.0004934887008990596
FB,2019-05-24 00:00:00+00:00,181.06,0.9956671968408928,-0.004342216952632136
FB,2019-05-28 00:00:00+00:00,184.31,1.0107965186735706,0.010738652396143779
FB,2019-05-29 00:00:00+00:00,182.19,0.9977111716621254,-0.0022914517091835477
FB,2019-05-30 00:00:00+00:00,183.01,0.9847061393926152,-0.015412017962993864
FB,2019-05-31 00:00:00+00:00,177.47,0.9707122254271133,-0.029725223898933523
FB,2019-06-03 00:00:00+00:00,164.15,0.9354857142857144,-0.0666894040572637
FB,2019-06-04 00:00:00+00:00,167.5,1.0230285260521652,0.02276737128469211
FB,2019-06-05 00:00:00+00:00,168.17,1.0048961069978506,0.0048841600458178445
FB,2019-06-06 00:00:00+00:00,168.33,1.011111111111111,0.011049836186584935
FB,2019-06-07 00:00:00+00:00,173.35,1.02691426220838,0.026558443730574484
FB,2019-06-10 00:00:00+00:00,174.82,1.0213447782546494,0.02112016901035736
FB,2019-06-11 00:00:00+00:00,178.1,0.9994397131331242,-0.000560443886215733
FB,2019-06-12 00:00:00+00:00,175.04,0.9840228725193407,-0.01610613776980689
FB,2019-06-13 00:00:00+00:00,177.47,1.028371218595112,0.027976209432115637
FB,2019-06-14 00:00:00+00:00,181.33,1.0249293667940835,0.02462369977114116
FB,2019-06-17 00:00:00+00:00,189.01,1.0485919680017297,0.04744828139181707
FB,2019-06-18 00:00:00+00:00,188.47,0.9639175257731959,-0.03674954220874149
FB,2019-06-19 00:00:00+00:00,187.48,1.0211229946524063,0.02090299681693848
FB,2019-06-20 00:00:00+00:00,189.53,0.9884786593349045,-0.011588225542391027
FB,2019-06-21 00:00:00+00:00,191.14,1.0194437086092714,0.019257094803984305
FB,2019-06-24 00:00:00+00:00,192.6,1.0023906038873298,0.0023877509397970727
FB,2019-06-25 00:00:00+00:00,188.84,0.982683533803401,-0.017468149830866853
FB,2019-06-26 00:00:00+00:00,187.66,1.0017938166086315,0.0017922096410685768
FB,2019-06-27 00:00:00+00:00,189.5,1.0035285443437962,0.003522333636752087
FB,2019-06-28 00:00:00+00:00,193.0,1.0244555234846497,0.024161274855133214
FB,2019-07-01 00:00:00+00:00,193.0,0.9886788586650274,-0.011385713270116888
FB,2019-07-02 00:00:00+00:00,195.0,1.0060103626943004,0.0059923725134603135
FB,2019-07-03 00:00:00+00:00,197.2,1.0104037906880923,0.010350043717823621
FB,2019-07-05 00:00:00+00:00,196.4,0.9949536140279335,-0.005059161977650321
FB,2019-07-08 00:00:00+00:00,195.76,0.9988728930785389,-0.00112774258415209
FB,2019-07-09 00:00:00+00:00,199.21,1.0257988408473098,0.0254716659736694
FB,2019-07-10 00:00:00+00:00,202.73,1.0163,0.01616858116158369
FB,2019-07-11 00:00:00+00:00,201.23,0.9823870904260554,-0.017769862528557404
FB,2019-07-12 00:00:00+00:00,204.87,1.0228866185897436,0.022628648559049443
FB,2019-07-15 00:00:00+00:00,203.91,0.9982374541003671,-0.0017641010112293856
FB,2019-07-16 00:00:00+00:00,203.84,1.0014223355731033,0.0014213250119866066
FB,2019-07-17 00:00:00+00:00,201.8,0.9802625134685081,-0.019934872302286792
FB,2019-07-18 00:00:00+00:00,200.78,1.0101423932050961,0.010091304287328868
FB,2019-07-19 00:00:00+00:00,198.36,0.988772381046592,-0.011291124458260218
FB,2019-07-22 00:00:00+00:00,202.32,1.0146565954679607,0.014550225659167026
FB,2019-07-23 00:00:00+00:00,202.36,0.974314730822323,-0.02602089527447529
FB,2019-07-24 00:00:00+00:00,204.66,1.0458938420280322,0.04487187103537951
FB,2019-07-25 00:00:00+00:00,200.71,0.9685050798258346,-0.03200155110409769
FB,2019-07-26 00:00:00+00:00,199.75,0.9940556471352215,-0.005962090859132473
FB,2019-07-29 00:00:00+00:00,195.94,0.981859296482412,-0.018307263498072608
FB,2019-07-30 00:00:00+00:00,197.04,1.0079840319361277,0.007952328190495015
FB,2019-07-31 00:00:00+00:00,194.23,0.9858847423203859,-0.014215825410552475
FB,2019-08-01 00:00:00+00:00,192.73,0.9841891126332596,-0.015937212760134944
FB,2019-08-02 00:00:00+00:00,189.02,0.9664573521716379,-0.03411810735840738
FB,2019-08-05 00:00:00+00:00,181.73,0.9945855216849857,-0.005429189729847132
FB,2019-08-06 00:00:00+00:00,184.51,0.9995100440960314,-0.0004900759715826847
FB,2019-08-07 00:00:00+00:00,185.15,1.0164488017429194,0.01631498561948584
FB,2019-08-08 00:00:00+00:00,190.16,1.0181116707748366,0.017949608354610215
FB,2019-08-09 00:00:00+00:00,187.85,0.983421052631579,-0.016717916228993216
FB,2019-08-12 00:00:00+00:00,185.37,0.992881990901793,-0.007143462984216605
FB,2019-08-13 00:00:00+00:00,188.45,1.0015092712376024,0.0015081334324618756
FB,2019-08-14 00:00:00+00:00,179.71,0.973896663078579,-0.02645007636998679
FB,2019-08-15 00:00:00+00:00,182.59,1.0154738878143135,0.015355388083194737
FB,2019-08-16 00:00:00+00:00,183.7,1.0122993197278911,0.012224297615913373
FB,2019-08-19 00:00:00+00:00,186.17,0.9969894091715499,-0.003015131773259703
FB,2019-08-20 00:00:00+00:00,183.81,0.9975734699379888,-0.0024294788572748784
FB,2019-08-21 00:00:00+00:00,183.55,0.9915135135135136,-0.008522701752065383
FB,2019-08-22 00:00:00+00:00,182.04,0.9858801722728016,-0.014220460899855026
FB,2019-08-23 00:00:00+00:00,177.75,0.9920371599203716,-0.007994712801708699
FB,2019-08-26 00:00:00+00:00,180.36,1.014102564102564,0.014004048084016403
FB,2019-08-27 00:00:00+00:00,181.3,0.9923047325894575,-0.00772502876014546
FB,2019-08-28 00:00:00+00:00,181.76,1.0179471555974078,0.017788006758766423
FB,2019-08-29 00:00:00+00:00,185.57,1.0163791696141915,0.016246477974238664
FB,2019-08-30 00:00:00+00:00,185.67,0.9851161794624692,-0.014995696072586188
FB,2019-09-03 00:00:00+00:00,182.39,1.0035326086956522,0.0035263836895866106
FB,2019-09-04 00:00:00+00:00,187.14,1.0210127267803952,0.020795004119919427
FB,2019-09-05 00:00:00+00:00,190.9,1.008911048639474,0.008871579546257962
FB,2019-09-06 00:00:00+00:00,187.49,0.986961779086273,-0.013123964628478889
FB,2019-09-09 00:00:00+00:00,188.76,0.9984552282533427,-0.0015459661367304839
FB,2019-09-10 00:00:00+00:00,186.17,0.994771660264618,-0.005242055330992594
FB,2019-09-11 00:00:00+00:00,188.49,1.0182344738817977,0.01807021958510481
FB,2019-09-12 00:00:00+00:00,187.47,0.9866480564626565,-0.013441882203278186
FB,2019-09-13 00:00:00+00:00,187.19,0.997891365274256,-0.002110861026134036
FB,2019-09-16 00:00:00+00:00,186.22,0.9985556090515165,-0.0014454350866397539
FB,2019-09-17 00:00:00+00:00,188.08,1.0076609878924248,0.007631791545112533
FB,2019-09-18 00:00:00+00:00,188.14,1.0030304641395076,0.003025881538993877
FB,2019-09-19 00:00:00+00:00,190.14,1.0106010813102937,0.010545283843724992
FB,2019-09-20 00:00:00+00:00,189.93,0.9930766810028323,-0.006947396364686888
FB,2019-09-23 00:00:00+00:00,186.82,0.9928171543255518,-0.007208766508589871
FB,2019-09-24 00:00:00+00:00,181.28,0.9652622619427599,-0.03535544053307601
FB,2019-09-25 00:00:00+00:00,182.8,0.9993386607880961,-0.0006615579931449162
FB,2019-09-26 00:00:00+00:00,180.11,0.9825180609937681,-0.017636552716822174
FB,2019-09-27 00:00:00+00:00,177.1,0.9983722496632241,-0.0016290765617260994
FB,2019-09-30 00:00:00+00:00,178.08,1.0071962669365266,0.007170497363576761
FB,2019-10-01 00:00:00+00:00,175.81,0.9759419480881942,-0.02435217375584906
FB,2019-10-02 00:00:00+00:00,174.6,1.0041752459391442,0.004166553786003267
FB,2019-10-03 00:00:00+00:00,179.38,1.0226690209033436,0.022415896890974795
FB,2019-10-04 00:00:00+00:00,180.45,1.0025062656641603,0.0025031302181184748
FB,2019-10-07 00:00:00+00:00,179.68,0.9903333333333333,-0.009713692187639148
FB,2019-10-08 00:00:00+00:00,177.75,1.0050488051161226,0.005036102636528136
FB,2019-10-09 00:00:00+00:00,179.85,1.0064746595222147,0.006453788952366773
FB,2019-10-10 00:00:00+00:00,180.03,1.0101486246672582,0.010097473163106612
FB,2019-10-11 00:00:00+00:00,184.19,1.0112544606093878,0.01119160036663364
FB,2019-10-14 00:00:00+00:00,183.28,0.9978284473398481,-0.002173913899619685
FB,2019-10-15 00:00:00+00:00,188.89,1.0245919477693144,0.024294433590379836
FB,2019-10-16 00:00:00+00:00,189.55,1.0105140186915889,0.01045913079013729
FB,2019-10-17 00:00:00+00:00,190.39,0.9996321597477665,-0.0003679079220540108
FB,2019-10-18 00:00:00+00:00,185.85,0.9832308258424013,-0.016911368656291677
FB,2019-10-21 00:00:00+00:00,189.76,1.0158254918733962,0.015701574436728007
FB,2019-10-22 00:00:00+00:00,182.34,0.9579473684210525,-0.04296244153817007
FB,2019-10-23 00:00:00+00:00,186.15,1.0143398714356355,0.01423802793968942
FB,2019-10-24 00:00:00+00:00,186.38,1.0065540028165962,0.0065326187235538674
FB,2019-10-25 00:00:00+00:00,187.89,1.007372329548512,0.00734528675793222
FB,2019-10-28 00:00:00+00:00,189.4,1.0239850427350428,0.023701919806577296
FB,2019-10-29 00:00:00+00:00,189.31,0.9888883092493088,-0.011173886750681358
FB,2019-10-30 00:00:00+00:00,188.25,1.037666174298375,0.0369741282956257
FB,2019-10-31 00:00:00+00:00,191.65,0.9804270462633452,-0.01976704074077658
FB,2019-11-01 00:00:00+00:00,193.62,1.0088151413015298,0.008776514776325921
FB,2019-11-04 00:00:00+00:00,194.72,1.0042148547931122,0.00420599717298145
FB,2019-11-05 00:00:00+00:00,194.32,0.9931412192250602,-0.006882410320362992
FB,2019-11-06 00:00:00+00:00,191.55,0.9890738545585734,-0.01098627415302513
FB,2019-11-07 00:00:00+00:00,190.42,0.9900474180605492,-0.01000243996966983
FB,2019-11-08 00:00:00+00:00,190.84,0.9996315789473684,-0.00036848893634128834
FB,2019-11-11 00:00:00+00:00,189.61,1.0003685568367293,0.0003684889363412894
FB,2019-11-12 00:00:00+00:00,194.47,1.0247368421052632,0.024435840217667867
FB,2019-11-13 00:00:00+00:00,193.19,0.990909090909091,-0.009132483563272474
FB,2019-11-14 00:00:00+00:00,193.15,1.006893692012647,0.006870039159302952
FB,2019-11-15 00:00:00+00:00,195.1,1.0015443220426234,0.0015431308036178456
FB,2019-11-18 00:00:00+00:00,197.4,1.0145970394736843,0.014491528221579102
FB,2019-11-19 00:00:00+00:00,199.32,1.0059777102330294,0.005959914606066854
FB,2019-11-20 00:00:00+00:00,197.51,0.9941585255312719,-0.0058586026157062335
FB,2019-11-21 00:00:00+00:00,197.93,1.0048627292067673,0.004850944328105806
FB,2019-11-22 00:00:00+00:00,198.82,1.0057213428773062,0.005705038155521553
FB,2019-11-25 00:00:00+00:00,199.79,1.0024308949201814,0.0024279450746674596
FB,2019-11-26 00:00:00+00:00,198.97,0.9995,-0.0005001250416822429
FB,2019-11-27 00:00:00+00:00,202.0,1.008504252126063,0.008468294690859123
FB,2019-11-29 00:00:00+00:00,201.64,1.0026289682539682,0.0026255185616929277
FB,2019-12-02 00:00:00+00:00,199.7,0.9775886805521199,-0.022666269445139133
FB,2019-12-03 00:00:00+00:00,198.82,1.0121457489878543,0.01207258123426924
FB,2019-12-04 00:00:00+00:00,198.71,0.9993000000000001,-0.0007002451143933149
FB,2019-12-05 00:00:00+00:00,199.36,1.0032022415690982,0.00319712531298043
FB,2019-12-06 00:00:00+00:00,201.05,1.0007481296758105,0.0007478499663018862
FB,2019-12-09 00:00:00+00:00,201.34,1.0050336406678295,0.00502101425214353
FB,2019-12-10 00:00:00+00:00,200.87,0.9931567985718537,-0.006866723503325209
FB,2019-12-11 00:00:00+00:00,202.26,1.0103355302576393,0.010282483860130592
FB,2019-12-12 00:00:00+00:00,196.75,0.9705955028416111,-0.02984547540150902
FB,2019-12-13 00:00:00+00:00,194.11,0.9942464358452139,-0.005770179667959841
FB,2019-12-16 00:00:00+00:00,197.92,1.0182823782455062,0.01811726497406615
FB,2019-12-17 00:00:00+00:00,198.39,1.006286461476564,0.006266784101929591
FB,2019-12-18 00:00:00+00:00,202.5,1.0134439502224,0.013354382196032353
FB,2019-12-19 00:00:00+00:00,206.06,1.0231778281881843,0.022913301958765727
FB,2019-12-20 00:00:00+00:00,206.3,0.9962406015037594,-0.0037664827954768934
FB,2019-12-23 00:00:00+00:00,206.18,0.9980648282535076,-0.0019370466105163183
FB,2019-12-24 00:00:00+00:00,205.12,0.9964444983034415,-0.003561837515183025
FB,2019-12-26 00:00:00+00:00,207.79,1.015095844896907,0.014983036505522416
FB,2019-12-27 00:00:00+00:00,208.1,0.996119704969145,-0.003887842907269867
FB,2019-12-30 00:00:00+00:00,204.41,0.9814057538727989,-0.018769292420351
FB,2019-12-31 00:00:00+00:00,205.25,1.0135052329713963,0.013414850163875945
FB,2020-01-02 00:00:00+00:00,209.78,1.0022418379685611,0.002239328799223474
FB,2020-01-03 00:00:00+00:00,208.67,0.9985835864941232,-0.0014174175677098158
FB,2020-01-06 00:00:00+00:00,212.6,1.028513435144017,0.028114492878271172
FB,2020-01-07 00:00:00+00:00,213.06,1.0008457851705668,0.0008454276958397437
FB,2020-01-08 00:00:00+00:00,215.22,1.0213145539906103,0.0210905759562791
FB,2020-01-09 00:00:00+00:00,218.3,1.0076307805461064,0.007601813408156236
FB,2020-01-10 00:00:00+00:00,218.06,1.0018088503649636,0.001807216365286049
FB,2020-01-13 00:00:00+00:00,221.91,1.0091690896712835,0.009127308769609675
FB,2020-01-14 00:00:00+00:00,219.06,1.0,0.0
